name,charity_no,postcode,lon,lat,evidence,source_tier
THE LONDON CENTRAL MOSQUE (ALGAME) FUND,231920,NW8 7RG,-0.16508,51.52882,name,charity_register
WOKING MOSQUE FUND AND SIR SALAR JUNG MEMORIAL HOUSE,241402,GU22 7BA,-0.54758,51.32174,name,charity_register
THE GLOUCESTER MUSLIM WELFARE ASSOCIATION LIMITED,256774,GL1 4LY,-2.23683,51.8575,inferred,charity_register
ISLAMIC CENTRE LEICESTER,257559,LE2 1DS,-1.11294,52.62895,inferred,charity_register
BRISTOL MOSQUE,258450,BS3 4UB,-2.58073,51.44251,name,charity_register
THE ISLAMIC CULTURAL CENTRE ZAKARIYYA JAAM'E MASJID,258624,BL3 5LJ,-2.44357,53.56854,name,charity_register
THE BIRMINGHAM MOSQUE TRUST LIMITED,259545,B12 0XS,-1.8905,52.46448,name,charity_register
IDARA-E-JAAFERIYA,260968,SW17 9PP,-0.1614,51.42515,inferred,charity_register
ANJUMAN-UL-MUSLIMEEN LTD,262392,HP5 3AU,-0.60723,51.71565,activity,charity_register
OXFORD MOSQUE SOCIETY,262773,OX4 1AY,-1.23989,51.75152,name,charity_register
SOUTH LONDON ISLAMIC CENTRE,263535,SW16 6NN,-0.13227,51.42841,inferred,charity_register
HOUNSLOW JAMIA MASJID AND ISLAMIC CENTRE,264824,TW4 5HU,-0.37496,51.45983,name,charity_register
CENTRAL JAMIA MASJID SOUTHALL,268524,UB2 5PA,-0.38546,51.49954,name,charity_register
CHARLTON MOSQUE COMMITTEE,269161,SE7 8SR,0.03509,51.4876,name,charity_register
NEWHAM NORTH ISLAMIC ASSOCIATION,269701,E7 8JG,0.03196,51.5442,inferred,charity_register
THE WALTHAM FOREST ISLAMIC ASSOCIATION,270323,E10 7EA,-0.02205,51.57164,inferred,charity_register
ISLAMIC CENTRE EDGWARE,270823,HA8 9BE,-0.27429,51.60747,inferred,charity_register
GREENWICH ISLAMIC CENTRE,271301,SE18 7DW,0.08096,51.49054,inferred,charity_register
BALHAM MOSQUE,271538,SW12 9AW,-0.14929,51.44638,name,charity_register
ISLAMIC UNIVERSAL ASSOCIATION LIMITED,271730,NW10 1NP,-0.23207,51.55327,inferred,charity_register
LONDON ISLAMIC TURKISH ASSOCIATION,272375,N16 9ND,-0.08692,51.55277,inferred,charity_register
THE MOSQUE AND ISLAMIC CENTRE OF BRENT,272500,NW2 6DS,-0.21663,51.556,name,charity_register
WATFORD MOSQUE AND WELFARE ASSOCIATION FOR MUSLIM COMMUNITY,272539,WD18 0GJ,-0.39514,51.65246,name,charity_register
GLOUCESTERSHIRE ISLAMIC TRUST,272760,GL1 4EE,-2.23841,51.8603,inferred,charity_register
THE MUSLIM KHOJA SHIA ITHNA-ASHERI COMMUNITY OF PETERBOROUGH,273130,PE1 5HD,-0.2277,52.57567,inferred,charity_register
CAMBRIDGE MUSLIM WELFARE SOCIETY,273568,CB1 2DZ,0.13517,52.19882,inferred,charity_register
SHEPHERDS BUSH MOSQUE,273580,W12 7LJ,-0.23166,51.5065,name,charity_register
LEYTONSTONE ISLAMIC ASSOCIATION,273945,E11 3AG,0.01229,51.568,inferred,charity_register
EXETER MOSQUE AND CULTURAL CENTRE,274095,EX4 6PG,-3.52468,50.72882,name,charity_register
CRAWLEY ISLAMIC CENTRE AND MASJID,274153,RH10 9TA,-0.1863,51.13313,name,charity_register
ISLAMIC CENTRE (CENTRAL LONDON),274284,W1F 0PH,-0.13447,51.51322,inferred,charity_register
KINGSTON MUSLIM ASSOCIATION,274503,KT2 6EJ,-0.29902,51.41565,activity,charity_register
ISLAMIC CENTRE ST ALBANS (HERTS),275546,AL1 4JX,-0.31683,51.75271,inferred,charity_register
DARUL AMAAN TRUST,275579,SW19 1DH,-0.18272,51.41636,activity,charity_register
ISLAMIC CULTURE AND EDUCATION CENTRE BATTERSEA,275697,SW11 2PF,-0.17002,51.46711,activity,charity_register
THAMESDOWN ISLAMIC ASSOCIATION,276549,SN3 1LX,-1.76433,51.54179,inferred,charity_register
"JAMME MASJID, READING",276994,RG1 5PF,-0.95245,51.4489,name,charity_register
"ANJUMAN-E-ISLAMIA, NEWHAM",278535,E12 6SB,0.05094,51.54098,inferred,charity_register
GRAVESEND AND DARTFORD MUSLIM ASSOCIATION,279014,DA12 2SX,0.38097,51.44115,activity,charity_register
MASJID-E-ALI (A.S),280440,LU4 8RP,-0.45096,51.89386,name,charity_register
UNITED KINGDOM TURKISH ISLAMIC ASSOCIATION,281670,N16 8BU,-0.07508,51.55516,inferred,charity_register
QUWWATUL ISLAM HEMEL HEMPSTEAD,281675,HP3 9NH,-0.45927,51.74433,activity,charity_register
SHAHJALAL JAME MOSQUE AND BANGLADESHI COMMUNITY CENTRE,1167440,NN8 1JD,-0.688,52.3027,name,charity_register
JAMIAT-UL-MUSLEMEEN QUWAT-UL-ISLAM MASJED,284381,RH11 9SE,-0.21388,51.09513,inferred,charity_register
CROYDON MOSQUE AND ISLAMIC CENTRE,285030,CR7 6AR,-0.11189,51.38851,name,charity_register
BANGLADESH ISLAMIC CENTRE ST ALBANS,285054,AL1 4JL,-0.3209,51.7522,activity,charity_register
INTERNATIONAL MUSLIM MOVEMENT,285397,E17 9NG,-0.01432,51.58283,inferred,charity_register
WEMBLEY CENTRAL MASJID,285630,HA0 4AE,-0.29791,51.55031,name,charity_register
SEVEN KINGS MUSLIM EDUCATIONAL TRUST,286459,IG3 8RG,0.09831,51.56458,inferred,charity_register
ISLAMIC ACADEMY,287003,CB4 3PA,0.11537,52.22131,inferred,charity_register
HACKNEY MUSLIM WOMEN'S COUNCIL,287834,E5 9AB,-0.06928,51.57222,inferred,charity_register
CANNING TOWN MUSLIM TRUST,288233,IG1 1EJ,0.07361,51.55551,inferred,charity_register
THE KHOJA SHIA ITHNAASHERI MUSLIM COMMUNITY OF LONDON,288356,HA7 4LQ,-0.31681,51.62668,inferred,charity_register
GHAUSIA COMMITTEE AYLESBURY (AYLESBURY MOSQUE),288864,HP20 2NX,-0.81151,51.82077,name,charity_register
MOSELEY MUSLIM COMMUNITY ASSOCIATION,289331,B12 9AH,-1.88525,52.45676,inferred,charity_register
MUSLIM CULTURAL SOCIETY OF THE UNITED KINGDOM,289380,N16 7NX,-0.07319,51.55995,inferred,charity_register
HENDON MOSQUE & ISLAMIC CENTRE,289834,NW9 7EL,-0.23899,51.57756,name,charity_register
CENTRAL MOSQUE OF BRENT CHARITY,290494,NW2 4PU,-0.22468,51.55009,name,charity_register
ANJUMAN-E-JAAFRIAH,290849,WD18 0RB,-0.40099,51.65299,inferred,charity_register
WEST LONDON ISLAMIC CENTRE,290990,UB6 9AH,-0.35213,51.52694,inferred,charity_register
MADINA MOSQUE TRUST,291089,E5 9QD,-0.05282,51.55892,name,charity_register
ACTON MUSLIM WELFARE ASSOCIATION,291264,W3 6LS,-0.27033,51.50664,activity,charity_register
MUSLIM CULTURAL AND WELFARE ASSOCIATION OF SUTTON,291533,SM5 3DH,-0.15802,51.36328,inferred,charity_register
ISLAMIC EDUCATION AND CULTURAL SOCIETY,291986,UB3 3NB,-0.41195,51.50496,inferred,charity_register
THE SHIA ISLAMIC EDUCATION SOCIETY,292522,SW16 5HU,-0.14008,51.41183,inferred,charity_register
HAZRAT SULTAN BAHU TRUST (UK),292697,B12 8UR,-1.88272,52.46092,activity,charity_register
ANJUMAN HIMAYATUL ISLAM,292904,TW5 9JN,-0.39347,51.48118,inferred,charity_register
SOUTH-EAST LONDON BAITUL AZIZ (MASJID AND MADRASSA) ISLAMIC CULTURAL TRUST,292922,SE1 4JL,-0.09439,51.49753,name,charity_register
AL-HUDA CULTURAL CENTRE & MOSQUE,292948,E1 4UJ,-0.05039,51.52117,name,charity_register
EALING MUSLIM WELFARE ASSOCIATION (MASJID-E-AYSHA),293092,W13 0RL,-0.32912,51.5112,name,charity_register
THE AHL UL-BAYT (A S ) ISLAMIC CENTRE,293187,NW10 3LL,-0.22656,51.53985,inferred,charity_register
Forest Gate Central Masjid,293676,E7 8AB,0.03361,51.5475,name,charity_register
COLCHESTER ISLAMIC CULTURAL ASSOCIATION,293712,CO1 2PY,0.90529,51.88779,activity,charity_register
THE CHELTENHAM MUSLIM ASSOCIATION,294042,GL50 3JA,-2.08376,51.90483,activity,charity_register
JAMIA AL-KARAM (ISLAMIC EDUCATIONAL AND CULTURAL TRUST),294460,DN22 0PR,-0.93166,53.29533,inferred,charity_register
MANOR PARK ISLAMIC CULTURAL CENTRE,294462,E12 6BT,0.05323,51.55233,inferred,charity_register
GOLBORNE MOSQUE TRUST,294588,W10 5PS,-0.20899,51.52177,name,charity_register
KSI MUSLIM COMMUNITY OF MILTON KEYNES,294808,MK1 1NW,-0.74031,52.00917,inferred,charity_register
MADINA ISLAMIC MISSION AND ISLAMIC CENTRE HEATHROW,295078,TW3 3RN,-0.36973,51.46516,inferred,charity_register
CHASA MUSLIM WELFARE SOCIETY OF THE U K,295208,LE2 0AD,-1.11439,52.63665,activity,charity_register
"JAMME MASJID GHAUSIA - READING ISLAMIC CENTRE (ANJUMAN MUHIBBAN-E-RASOOL, READING)",295423,RG1 4RA,-0.96314,51.45292,name,charity_register
MARKAZ UD DAWAT WAL IRSHAD LONDON UK MUSLIM COMMUNITY CENTRE,295836,E6 1BX,0.04312,51.53865,activity,charity_register
THE SOUTHAMPTON MOSQUE TRUST,296904,SO14 0BQ,-1.39578,50.90981,name,charity_register
ISLAMIC CULTURAL SOCIETY LUTON MOSQUE,1129781,LU4 8JD,-0.43351,51.88781,name,charity_register
THE ESSEX JAMME MASJID TRUST,298705,SS2 6JG,0.70362,51.54483,name,charity_register
Harlow Islamic Centre,298944,CM19 4QX,0.08269,51.74888,inferred,charity_register
AHMADIYYA MUSLIM ASSOCIATION UNITED KINGDOM,299081,SW18 5QL,-0.20733,51.45115,inferred,charity_register
MUSLIM KHATRI ASSOCIATION (UK),299596,LE2 1QJ,-1.10999,52.62577,inferred,charity_register
THE MUSLIM SHIA ITHNA-ASHERI JAMAAT OF ESSEX,299621,CM1 1PE,0.47749,51.73829,inferred,charity_register
NORTH LONDON CENTRAL MOSQUE TRUST,299884,N4 2QH,-0.1057,51.56293,name,charity_register
THE MUSLIM EDUCATIONAL TRUST,313192,N4 3RZ,-0.11179,51.56936,inferred,charity_register
THE SIMLAK MUSLIM WELFARE SOCIETY,326022,WS10 8DU,-2.03598,52.57046,inferred,charity_register
THE SURKHAI MUSLIM SOCIETY TRUST,326045,BB1 1YG,-2.4699,53.74764,activity,charity_register
THE MUSLIM YOUTH FOUNDATION,327233,M4 1DY,-2.23786,53.48403,inferred,charity_register
THE ISLAMIC CENTRE (MANCHESTER),327235,M20 2WA,-2.24607,53.42337,activity,charity_register
MARKAZ - E L TATHGHEEF - E L ESLAMI (THE CENTRE FOR ISLAMIC ENLIGHTENING),328364,W3 7SP,-0.25637,51.50502,inferred,charity_register
IMDADUL MUSLIMEEN,328381,BB1 3AT,-2.47006,53.74955,inferred,charity_register
THE KAFLETHA ANJUMAN-E ISLAMIC TRUST (UK),328653,WF17 6EZ,-1.61049,53.71429,inferred,charity_register
THE BRADFORD MUSLIM WELFARE SOCIETY,500506,BD7 3AE,-1.77585,53.78898,inferred,charity_register
Anjuman Gujarati Muslim Society,500648,CV1 4FR,-1.49905,52.41851,activity,charity_register
THE MUSLIM (HANFI-SUNNI) ASSOCIATION,502646,BB1 7LG,-2.48119,53.75288,inferred,charity_register
RUGBY MOSQUE SOCIETY,503021,CV21 3LE,-1.25195,52.37449,name,charity_register
REDDITCH MOSQUE TRUST,503752,B98 7ER,-1.93437,52.30072,name,charity_register
JAMIA MASJID HANFIA (BRADFORD) ASSOCIATION,503945,BD8 8AD,-1.76848,53.80571,name,charity_register
"THE KOKNI MUSLIM ASSOCIATION, SHAFAYEE MAZHAB",504924,BB1 1NE,-2.46293,53.74733,inferred,charity_register
THE ABU-BAKAR MOSQUE,505120,BD3 9NB,-1.72954,53.7931,name,charity_register
ANJUMAN-E-ISLAHUL MUSLIMEEN OF UK,505732,WF12 9NG,-1.62866,53.68165,activity,charity_register
MADANI JAMIA MASJID ASSOCIATION,505870,HD1 3QZ,-1.79197,53.63619,name,charity_register
ROTHERHAM MOSQUE,505942,S60 2TA,-1.34378,53.42507,name,charity_register
DARUL ULOOM AL ARABIYA AL ISLAMIYA,506980,BL8 4NG,-2.33375,53.63903,inferred,charity_register
THE SURATI MUSLIM KHALIFA SOCIETY (LEICESTER),507044,LE5 5GQ,-1.10966,52.63454,inferred,charity_register
ISLAMIC CENTRE NOTTINGHAM,507119,NG3 1DG,-1.1426,52.95756,inferred,charity_register
ISLAMIC CENTRE,508671,ST4 2DY,-2.17731,53.01147,inferred,charity_register
THE NOOR-UL-ISLAM MOSQUE,508677,BL9 7AU,-2.28817,53.59364,name,charity_register
THE LOUGHBOROUGH MOSQUE AND ISLAMIC CULTURAL ASSOCIATION,508706,LE11 1SB,-1.19885,52.76886,name,charity_register
THE PAIGHAM-E-ISLAM TRUST BRITAIN (JAMIAT AL-DAWAH AL-ISLAMIAH BRITANIA),508711,B11 4LB,-1.86858,52.45594,activity,charity_register
THE MUSLIM ASSOCIATION OF LEEDS (11),508738,LS11 6LE,-1.54975,53.77275,activity,charity_register
THE STOKE ON TRENT MUSLIM WELFARE AND COMMUNITY ASSOCIATION,508861,ST1 4BS,-2.19299,53.02151,inferred,charity_register
SCUNTHORPE MOSQUE COMMITTEE,508954,DN15 6HX,-0.65183,53.59244,name,charity_register
"MAKKI MOSQUE ORGANISATION, SHEFFIELD",509078,S8 9TH,-1.47305,53.35879,name,charity_register
THE SURTI MUSLIM KHALIFA SOCIETY,509502,BD9 6NQ,-1.81148,53.81587,inferred,charity_register
PAKISTAN MUSLIM WELFARE ASSOCIATION IN METROPOLITAN BOROUGH OF WALSALL,510845,WS2 8NF,-1.99146,52.58778,inferred,charity_register
DERBY JAMIA MOSQUE,511758,DE23 8GB,-1.47617,52.9104,name,charity_register
THE HILLFIELDS MUSLIM ASSOCIATION,512053,CV1 5JT,-1.49454,52.41294,inferred,charity_register
CRADLEY HEATH CENTRAL MOSQUE & ISLAMIC CENTRE,512577,B64 6EY,-2.07468,52.47394,name,charity_register
SHIA ISLAMIC CENTRE BLACKBURN,512680,BB2 6BJ,-2.49629,53.75062,inferred,charity_register
AHL-E-SUNNAT WA JAMAAT BAREILVI OF BIRMINGHAM,512810,B11 4ER,-1.86236,52.44351,inferred,charity_register
THE NELSON MASJID COMMITTEE (GHOSIA JAMIA MOSQUE),512891,BB9 7RH,-2.20688,53.8414,name,charity_register
THE HYDE JAMIA MOSQUE AND ISLAMIC CENTRE,513337,SK14 1BX,-2.08165,53.45025,name,charity_register
JAM-E-MASJID QIBLAH HADHRAT SAHIB GULHAR SHAREEF BIRMINGHAM,513447,B73 5ES,-1.83526,52.54028,name,charity_register
ISLAMIC SOCIETY OF DARLINGTON,513731,DL3 6LY,-1.5566,54.52937,inferred,charity_register
ISLAMIC CENTRE AND THE MOSQUE (HEATON),514026,NE6 5XH,-1.58042,54.98555,name,charity_register
THE HUDDERSFIELD MUSLIM WELFARE KHATIM-E-NABUWAT ASSOCIATION,514101,HD2 2DU,-1.80996,53.66082,inferred,charity_register
JAMIAT AHL HADITH (BURTON UPON TRENT BRANCH),514177,DE13 0JT,-1.64304,52.82529,inferred,charity_register
JAMIAT AHL-E HADITH,514456,DE23 6QQ,-1.48101,52.90635,activity,charity_register
PAKISTAN MOSQUE COMMITTEE AND ISLAMIC EDUCATION CENTRE,515278,WF13 3AB,-1.66522,53.67995,name,charity_register
MECCA MOSQUE,515359,BL3 6QU,-2.42851,53.56552,name,charity_register
"THE PRESTON GUJRATI MUSLIM SOCIETY, MADINA MOSQUE",515393,PR1 4XH,-2.67951,53.76108,name,charity_register
MUSLIM WELFARE SOCIETY,515551,WS10 8BB,-2.02679,52.57034,inferred,charity_register
THE PRESTON MUSLIM SOCIETY-JAMEA MASJID PRESTON,515749,PR1 3YN,-2.69305,53.75491,name,charity_register
CUTCHI SUNNI MUSLIM ASSOCIATION,515778,M8 0PN,-2.23807,53.50514,inferred,charity_register
ELAHI MOSQUE AND ISLAMIC CULTURAL CENTRE (SHEFFIELD),515884,S9 3FX,-1.41794,53.38736,name,charity_register
THE ECCLES AND SALFORD ISLAMIC SOCIETY,516270,M30 0WB,-2.34744,53.48318,inferred,charity_register
MADRASSA FAIZUL ISLAM WITTON MASJID,516543,B20 3EA,-1.89117,52.51057,name,charity_register
GHAUSIA CHISTIA ISLAMIC TRUST ACADEMY,516547,LU4 0EB,-0.47234,51.89493,inferred,charity_register
KOKNI MUSLIM ASSOCIATION BIRMINGHAM,1211747,B6 6AL,-1.89968,52.50836,activity,charity_register
GHAUSIA MOSQUE,516787,ST6 2HJ,-2.18999,53.03894,name,charity_register
MASJID BILAL AND ISLAMIC CENTRE,516867,BB4 5TD,-2.32375,53.70441,name,charity_register
MARKAZI JAMIA MASJID GULZAR-E-HABIB,517191,WS14 0ED,-1.85068,52.63893,name,charity_register
INDIAN MUSLIM PATEL SOCIETY,517213,WF12 9NQ,-1.63176,53.68373,inferred,charity_register
GHAUSIA MOSQUE AND WELFARE ASSOCIATION,517388,DY9 8JZ,-2.11634,52.45794,name,charity_register
JAMIA ISLAMIA (ISLAMIC STUDIES CENTRE) TRUST,517456,CV11 6BE,-1.42359,52.54686,inferred,charity_register
MOUNT PLEASANT ISLAMIC TRUST,517670,WF17 7NQ,-1.6364,53.70938,activity,charity_register
MADRASSA ZIA-UL QURAN,518022,B13 8LS,-1.8989,52.44653,activity,charity_register
MASJID TOOBA,518554,WN1 2DN,-2.62916,53.55454,name,charity_register
THE PRESTON MUSLIM CULTURAL CENTRE,518584,PR1 8JH,-2.7121,53.75399,inferred,charity_register
JAMIA GHOSIA ASSOCIATION,518757,BB1 1DW,-2.47051,53.74693,inferred,charity_register
THE PRESTON MUSLIM SOCIETY-MASJIDE QUBA,518795,PR1 4DX,-2.67834,53.76257,inferred,charity_register
THE SOUTH WALES ISLAMIC CENTRE,519043,CF10 5LB,-3.16889,51.46778,inferred,charity_register
THE ISLAMIC ASSOCIATION OF SOUTH HUMBERSIDE,519342,DN32 0PY,-0.08015,53.55409,inferred,charity_register
NAQSHBANDIA MOSQUE,519399,ST1 2DE,-2.16963,53.02737,name,charity_register
HANDSWORTH JAM-E-MASJID AND ISLAMIC CENTRE,519657,B21 0NG,-1.94335,52.50414,name,charity_register
YORK MUSLIM ASSOCIATION,519999,YO31 0UB,-1.05955,53.96225,activity,charity_register
THE GRANGETOWN MUSLIM CULTURAL CENTRE,700085,CF11 7AE,-3.18209,51.46873,inferred,charity_register
THE BANGLADESH ISLAMIC ASSOCIATION,700659,WS1 3PL,-1.98457,52.5782,activity,charity_register
THE MADRESSA ISLAMIYAH TALIMUDDIN,700727,BD8 7LA,-1.76804,53.80733,inferred,charity_register
LENTON MUSLIM CENTRE NOTTINGHAM,700782,NG7 1PW,-1.17239,52.95496,inferred,charity_register
MASJID E TAUHEEDUL ISLAM,700817,BB1 7EY,-2.48524,53.75394,name,charity_register
THE PRESTON MUSLIM SOCIETY QUWWATUL ISLAM MASJID,700936,PR1 6QQ,-2.68794,53.76654,name,charity_register
NOOR EL ISLAM MOSQUE,701689,CF10 5HH,-3.17315,51.47285,name,charity_register
UNITED KINGDOM MUSLIM KUMBHAR ASSOCIATION,701841,B36 8TY,-1.81757,52.50648,inferred,charity_register
MUSLIM FEDERATION IN CLEVELAND,702212,TS1 5JU,-1.24742,54.5758,inferred,charity_register
BANGLADESH ISLAMIC SOCIAL ORGANISATION AND MODINA MOSQUE,702283,B12 9AE,-1.88578,52.45612,name,charity_register
LEICESTER ISLAMIC ACADEMY,702652,LE2 2PJ,-1.10663,52.61632,inferred,charity_register
DAUBHILL MUSLIM SOCIETY,702789,BL3 4AG,-2.44897,53.56662,inferred,charity_register
CHESTERFIELD AND NORTH DERBYSHIRE JAMIA MASJID,1154488,S41 7PG,-1.4284,53.23974,name,charity_register
"ISLAMIC COMMUNITY CENTRE AND MOSQUE, BLACKPOOL",702932,FY1 5HN,-3.04487,53.80856,name,charity_register
RAZA JAMIA MOSQUE AND ISLAMIC CENTRE,702991,BB5 0AZ,-2.37935,53.75227,name,charity_register
WESTMINSTER ISLAMIC COMMUNITY CENTRE,803256,SW1V 2QF,-0.13522,51.4904,activity,charity_register
WEST NORFOLK ISLAMIC ASSOCIATION,803651,PE30 5PY,0.40204,52.74911,inferred,charity_register
BANBURY MUSLIM MOSQUE SOCIETY,900047,OX16 4RX,-1.3245,52.06226,name,charity_register
JAMI MOSQUE AND ISLAMIC CENTRE (BIRMINGHAM) TRUSTEES LIMITED,1000355,B10 0LL,-1.85562,52.46843,name,charity_register
PAKISTAN MUSLIM WELFARE SOCIETY BATLEY,1002703,WF17 5AQ,-1.62916,53.71034,activity,charity_register
SMETHWICK BANGLADESHI MUSLIM WELFARE ASSOCIATION,1003212,B66 1BD,-1.96778,52.50203,inferred,charity_register
MUSLIM ASSOCIATION OF BRADFORD,1003475,BD5 0BP,-1.7596,53.78928,inferred,charity_register
PRESTON HANFI SUNNI MUSLIM SOCIETY,1004358,PR1 4XR,-2.67694,53.76228,inferred,charity_register
THE MAURITIAN MUSLIM WELFARE(ST ALBANS) ASSOCIATION,1008145,AL1 5AD,-0.30832,51.74117,inferred,charity_register
MAKTAB TARIGHAT OVEYSSI SHAHMAGHSOUDI (SCHOOL OF ISLAMIC SUFISM),1010542,N8 8AE,-0.1257,51.57792,inferred,charity_register
ISLAMIC RELIGIOUS CENTRE,1010596,BB2 6ER,-2.50084,53.75107,inferred,charity_register
ISLAMIC COMMUNITY CENTRE,1012023,N15 4JZ,-0.07759,51.58786,inferred,charity_register
AMALIA MUSLIM U K JAMAAT,1013210,WF17 7AL,-1.64376,53.70613,activity,charity_register
JAMIA ISLAMIA HAZARAT SULTAN BAHOO TRUST (BRADFORD),1013733,BD7 3JT,-1.78174,53.78168,activity,charity_register
SURREY ISLAMIC TRUST,1014031,KT15 2PX,-0.48034,51.37401,inferred,charity_register
ISLAMIC EDUCATION CENTRE,1014455,BB2 1HW,-2.49823,53.74923,inferred,charity_register
MADRASA ARABIA ISLAMIA,1015593,WF1 4PG,-1.48875,53.67939,inferred,charity_register
NORFOLK AND SUFFOLK ISLAMIC MISSION,1017587,NR30 1BH,1.7265,52.61317,inferred,charity_register
GUJERATI SUNNI MUSLIM SOCIETY LIMITED,1018317,PR1 1QS,-2.69526,53.76501,inferred,charity_register
SHAHJALAL JAME MASJID-E-NOOR AND MADRASHA AND ISLAMIC CENTRE,1018891,NW1 2LY,-0.13754,51.5273,name,charity_register
ILFORD ISLAMIC CENTRE LIMITED,1019462,IG1 1HW,0.07576,51.55654,inferred,charity_register
SUTTON ISLAMIC CENTRE,1023402,SM1 3AG,-0.18883,51.36983,inferred,charity_register
MAJLIS ISLAHUL - MUSLIMEEN SLOUGH UK,1023465,SL2 1ND,-0.60877,51.52656,activity,charity_register
BLACKHEATH JAMIA MOSQUE TRUST,1025081,B62 8JA,-2.03482,52.47037,name,charity_register
OLDBURY JAMIA MOSQUE,1025209,B66 1NH,-1.99338,52.50261,name,charity_register
PECKHAM ISLAMIC CENTRE (MOSQUE TRUST),1025396,SE22 8UJ,-0.07583,51.44975,name,charity_register
BANGLADESH MUSLIM ASSOCIATION,1025551,WS10 9AD,-2.01752,52.55262,inferred,charity_register
ISLAMIC SOCIETY FOR WALES,1027357,NP20 4EQ,-2.99593,51.58403,inferred,charity_register
ISLAMIC INFORMATION CENTRE - HASTINGS,1027419,TN35 4HB,0.65344,50.8937,activity,charity_register
CENTRAL OXFORD MOSQUE SOCIETY,1029645,OX4 1DJ,-1.23074,51.74766,name,charity_register
BOURNEMOUTH ISLAMIC CENTRE AND CENTRAL MOSQUE (BICCM),1032058,BH2 6JJ,-1.88323,50.72286,name,charity_register
ISLAMIC TRUST (MAIDENHEAD),1034710,SL6 8AW,-0.71759,51.52601,activity,charity_register
BANGLADESHI ISLAMIC SOCIETY (JAMI-MASJID) AND COMMUNITY CENTRE,1037470,WS10 9RW,-2.02124,52.5698,name,charity_register
LAMBETH ISLAMIC CULTURAL CENTRE,1037989,SW9 9UQ,-0.11651,51.46454,inferred,charity_register
NORTH BRIXTON ISLAMIC CULTURAL CENTRE,1038168,SW9 6AT,-0.11303,51.47396,inferred,charity_register
MADINA MOSQUE HORSHAM,1038756,RH13 5DN,-0.32292,51.06107,name,charity_register
JAMIA MASJID BILAL AND COMMUNITY CENTRE,1039448,WV6 0RU,-2.14806,52.59449,name,charity_register
THE GAUSIA MOSQUE AND ISLAMIC COMMUNITY CENTRE,1040011,B8 1LL,-1.85882,52.4913,name,charity_register
CARIBBEAN ISLAMIC CULTURAL SOCIETY,1040585,SW19 2NT,-0.17621,51.41762,activity,charity_register
DARUL ULOOM LEICESTER TRUST,1041254,LE4 5LN,-1.12213,52.65469,inferred,charity_register
BOLTON CENTRAL ISLAMIC SOCIETY,1041569,BL1 8HD,-2.43141,53.59203,inferred,charity_register
DULWICH ISLAMIC CENTRE,1041876,SE22 9ET,-0.07315,51.45742,inferred,charity_register
HUSSAINI ISLAMIC MISSION (WOLVERHAMPTON),1041954,WV6 0RL,-2.15121,52.59575,inferred,charity_register
ISLAMIC CENTRE UPTON PARK,1041977,E13 0PY,0.02486,51.53458,inferred,charity_register
ISLAMIC PRESENTATION CENTRE INTERNATIONAL LIMITED,1042537,B10 0UG,-1.85907,52.47013,inferred,charity_register
Luton Islamic Centre,1042630,LU1 1HE,-0.42777,51.88631,inferred,charity_register
SOUTH WALES ISLAMIC EDUCATIONAL TRUST,1043296,CF14 0RU,-3.17982,51.54324,inferred,charity_register
INTERNATIONAL ISLAMIC LINK,1043580,HA0 2PX,-0.32096,51.55746,inferred,charity_register
JAMIA AL-HAFSAH (ISLAMIC EDUCATIONAL AND CULTURAL TRUST),1044016,NW2 7UH,-0.23697,51.56755,inferred,charity_register
SOUTHPORT MUSLIM SOCIETY,1044154,PR9 0SL,-2.98837,53.6455,inferred,charity_register
ASSOCIATION OF ISLAMIC CHARITABLE PROJECTS,1045220,HX1 5JY,-1.87493,53.72173,inferred,charity_register
AL BADR ISLAMIC TRUST,1045362,LA1 5AJ,-2.80255,54.03272,inferred,charity_register
FAIZAN-E-MADINA MOSQUE COMMITTEE (TRUST),1045629,PE1 2BN,-0.24902,52.57925,name,charity_register
ZAKARIA MASJID AND TABLIGHI CENTRE'S TRUST,1045869,M16 8LD,-2.26004,53.4482,name,charity_register
ISLAMIC CULTURAL CENTRE,1046683,HA9 7DU,-0.29097,51.55225,inferred,charity_register
MASJID AND MADRASAH FAIZ-UL-QURAN,1047569,B18 4HB,-1.94359,52.48692,name,charity_register
THE ISLAMIC CENTRE OF PLYMOUTH AND CORNWALL,1048445,PL4 6AN,-4.13962,50.37711,inferred,charity_register
WAPPING NOORANI MASJID AND CULTURAL CENTRE,1050036,E1W 3NW,-0.05593,51.50619,name,charity_register
AL-QUAIM ISLAMIC MISSION,1051331,SL1 4TN,-0.61782,51.52429,inferred,charity_register
MADINA MOSQUE AND MUSLAMIC COMMUNITY CENTRE,1051556,BL1 4BG,-2.44555,53.58301,name,charity_register
COVENTRY CROSS MOSQUE AND ISLAMIC COMMUNITY CENTRE,1051765,E3 3LJ,-0.01421,51.52249,name,charity_register
ISLAMIC RESEARCH INSTITUTE OF GREAT BRITAIN,1052332,WF12 9BX,-1.63742,53.67885,inferred,charity_register
MEDINA MASJID,1053586,E14 3AG,-0.0186,51.48806,name,charity_register
ISLAMIC CULTURAL AND WELFARE ASSOCIATION,1054131,WF17 6JJ,-1.63129,53.70235,inferred,charity_register
NEWHAM ISLAMIC CULTURAL ASSOCIATION,1054530,E12 6RH,0.04925,51.54591,activity,charity_register
CENTRAL MOSQUE ROCHDALE,1054999,OL11 1HH,-2.15813,53.60979,name,charity_register
MUSLIM WELFARE ASSOCIATION RHYL,1055015,LL18 1SS,-3.49331,53.32026,inferred,charity_register
CHASHTIAH EDUCATIONAL TRUST,1055167,OL11 1EB,-2.15673,53.61027,activity,charity_register
THE MUSLIMS COMMUNITY CENTRE,1055241,UB8 2QB,-0.48446,51.53829,inferred,charity_register
ASSALATUR-RAHMAN ISLAMIC ASSOCIATION (UNITED KINGDOM),1055767,SE15 1TL,-0.05458,51.48482,inferred,charity_register
GLAMORGAN MUSLIM COMMUNITY ASSOCIATION,1056151,CF32 9AS,-3.59833,51.53975,inferred,charity_register
TORBAY ISLAMIC CENTRE,1056312,TQ2 5LQ,-3.5449,50.47132,inferred,charity_register
NORWICH AND NORFOLK MUSLIM ASSOCIATION,1056974,NR2 3UU,1.26651,52.63555,inferred,charity_register
STRATFORD ISLAMIC ASSOCIATION,1057171,E15 1NA,0.00182,51.55,activity,charity_register
UK ALBANIAN MUSLIM COMMUNITY & CULTURAL CENTRE LTD,1057193,NW6 5DA,-0.20124,51.53279,inferred,charity_register
SHAHPORAN MASJID AND ISLAMIC CENTRE TRUST,1057627,E2 6QL,-0.06023,51.53185,name,charity_register
SAVILE TOWN MUSLIM PARENTS ASSOCIATION,1057660,WF12 9AY,-1.62581,53.68224,inferred,charity_register
JAMIA ISLAMIA RIZWIA (ISLAMIC EDUCATION CENTRE),1057961,BD5 9HQ,-1.77716,53.77701,inferred,charity_register
JAMIA TUL BATUL MIRA TUL ISLAM TRUST,1058465,LS8 4EL,-1.51696,53.8177,inferred,charity_register
ISLAMIC CULTURAL AND EDUCATIONAL ASSOCIATION,1058664,BD3 8SA,-1.71737,53.79578,inferred,charity_register
THE BANGLADESHI ISLAMIC CULTURAL SOCIETY,1058947,DY2 9NJ,-2.07282,52.4817,inferred,charity_register
ISLAMIC CENTRE OF ENGLAND LIMITED,1058998,W9 1QB,-0.18874,51.53515,inferred,charity_register
MASJID BAIT-ATTAWHEED AND DAR-E-ARQAM MUSLIM WELFARE TRUST,1059005,WF12 0AW,-1.63299,53.67119,name,charity_register
THE MUSLIM CULTURAL HERITAGE CENTRE (MCHC) TRUST,1059085,W10 5YG,-0.20439,51.5218,inferred,charity_register
THE PRESTON MUSLIM SOCIETY MASJID-E-FALAH,1059104,PR1 1PE,-2.69961,53.76828,name,charity_register
JAMIA DARUS SUNNAH LONDON,1059837,E7 0EW,0.02544,51.55091,inferred,charity_register
THE MUSLIM ASSOCIATION OF SALISBURY,1059944,SP2 7ED,-1.80603,51.07235,inferred,charity_register
BARNSLEY MUSLIM COMMUNITY CENTRE LTD,1060298,S70 6PB,-1.50256,53.5523,inferred,charity_register
NORTH NOTTINGHAMSHIRE MUSLIM WELFARE ASSOCIATION,1060433,NG18 5LQ,-1.20397,53.14354,inferred,charity_register
SHAHJALAL MOSQUE AND ISLAMIC CENTRE SOUTHAMPTON,1070647,SO14 0BL,-1.39928,50.91058,name,charity_register
JAMIA MASJID GULSHAN-E-BAGHDAD MOSQUE COMMITTEE,1067104,MK40 4LB,-0.48544,52.13275,name,charity_register
NORTH ILFORD ISLAMIC CENTRE,1062761,IG1 3EN,0.05792,51.56423,inferred,charity_register
MASJID AND MADRASAH AL-TAWHID TRUST,1070735,E15 2BP,-0.00458,51.55239,name,charity_register
ASIAN MUSLIM CULTURAL ASSOCIATION,1069987,E1 2QB,-0.05506,51.51176,inferred,charity_register
MAZAHIRUL ULOOM LONDON,1077423,E1 4AA,-0.0453,51.52222,activity,charity_register
ASHVILLE MUSLIM WELFARE TRUST,1062123,E11 4DX,0.0026,51.56386,inferred,charity_register
ANJUMAN RAZA -E -MUSTAFA,1063944,E7 8QJ,0.04223,51.54275,activity,charity_register
BECKTON ISLAMIC ASSOCIATION,1062331,E6 6WG,0.06803,51.51258,inferred,charity_register
MASJID E NOOR AND MADRESSAH ANWAROOL ISLAM,1077956,WF17 7RN,-1.64201,53.71012,name,charity_register
MOSQUE NOOR UL ULOOM AND ISLAMIC EDUCATION CENTRE,1067639,B10 9RB,-1.85138,52.4691,name,charity_register
MADRASSA ARBIA TALEEM-UL-QURAN & MOSQUE,1076592,OL7 0AL,-2.10747,53.48612,name,charity_register
BAITUL MUKARRAM MOSQUE TRUST,1068370,LE2 1DQ,-1.11363,52.62888,name,charity_register
BILAL JAMIA MASJID AND BILAL ISLAMIC TEACHING CENTRE,1082901,OL16 2RZ,-2.12458,53.63647,name,charity_register
WOLVERHAMPTON MOSQUE TRUST,1062702,WV1 4RA,-2.12992,52.59606,name,charity_register
MUSTAFA ISLAMIC CENTRE,1062261,OL16 5NA,-2.14644,53.61118,inferred,charity_register
DORSET ISLAMIC CULTURAL ASSOCIATION,1063516,BH15 1QT,-1.97994,50.71497,inferred,charity_register
JAMEAH FATIMIA MOSQUE,1070245,NG7 6HT,-1.16563,52.97039,name,charity_register
"CENTRAL JAMIA MOSQUE MADNI AND EDUCATION CENTRE, HALIFAX",1063058,HX1 2LG,-1.85877,53.71938,name,charity_register
CANTERBURY MUSLIM CULTURAL CENTRE,1064305,CT2 7LT,1.06424,51.2962,inferred,charity_register
ABU BAKR MASJID,1064014,RG30 1AF,-0.99624,51.45701,name,charity_register
MADINA MOSQUE AND ISLAMIC CENTRE,1073452,BB3 3HB,-2.46526,53.69471,name,charity_register
DAR-AL-ARQAM (ISLAMIC CENTRE),1067963,BD7 1BG,-1.76204,53.79015,inferred,charity_register
THE MANCHESTER SOMALI ISLAMIC CULTURAL TRUST,1064859,M14 4EZ,-2.23315,53.45488,inferred,charity_register
KHERGAM MUSLIM SOCIETY,1071028,LE5 5AH,-1.10568,52.63132,inferred,charity_register
JAMIA MASJID ANWAR-E-MADINA AND ISLAMIC STUDY CENTRE,1101647,HD1 6EN,-1.7827,53.65864,name,charity_register
"JAMIAT UL MUSLIMIN, MANCHESTER",1081649,M14 5RU,-2.2197,53.45688,inferred,charity_register
ISLAMIC DA'AWAH ACADEMY,1065175,LE2 0DS,-1.11416,52.6328,inferred,charity_register
AL-JALAL ISLAMIC SOCIETY,1105758,LU3 1AZ,-0.4319,51.89523,inferred,charity_register
THE ISLAMIC ACADEMY OF MANCHESTER,1068567,M13 0LF,-2.207,53.462,inferred,charity_register
INTERNATIONAL ANJUMAN-E-KHUDDAM-UL-SOFIA AND AMIR-E-MILLAT TRUST FOUNDATION,1077431,B11 4RU,-1.8659,52.45503,inferred,charity_register
AL FALAH ISLAMIC SOCIAL WELFARE CENTRE TRUST,1085618,M8 0TX,-2.23988,53.50073,inferred,charity_register
JAMIA MASJID-E-BILAL (LEICESTER),1069001,LE5 5LJ,-1.10193,52.62589,name,charity_register
AL-KARAM SUNNI MUSLIM COMMUNITY TRUST OF MILTON KEYNES,1068209,MK6 3ER,-0.72948,52.03156,inferred,charity_register
SOUTH SOMERSET MUSLIM CULTURAL ASSOCIATION,1070349,BA21 4HE,-2.62282,50.94424,inferred,charity_register
HERTS & ESSEX MOSQUE & ISLAMIC CULTURAL CENTRE,1070820,CM21 9ES,0.14677,51.81064,name,charity_register
THE AL-MUZZAMMIL MOSQUE AND COMMUNITY CENTRE OF TOOTING,1070603,SW17 0EZ,-0.16897,51.43071,name,charity_register
JAMIA MOSQUE AND ISLAMIC TEACHING CENTRE TRUST,1086859,S65 1RN,-1.35002,53.43754,name,charity_register
EPSOM AND EWELL ISLAMIC SOCIETY,1085706,KT19 8TU,-0.26736,51.33978,inferred,charity_register
ABU HURAIRAH ISLAMIC INSTITUTE,1070392,BD3 8AE,-1.72103,53.79616,inferred,charity_register
EVINGTON MUSLIM EDUCATION TRUST,1075379,LE5 5PF,-1.09987,52.62466,inferred,charity_register
HARROW CENTRAL MOSQUE,1071261,HA1 2SQ,-0.3321,51.58819,name,charity_register
BOW MUSLIM COMMUNITY CENTRE,1075401,E3 5EL,-0.02986,51.53312,inferred,charity_register
NORTH LONDON MOSQUE TRUST(MASJID-E-QUBA),1071136,N16 6AA,-0.06841,51.56508,name,charity_register
THE PAKISTAN ISLAMIC CENTRE,1077411,BB4 7NR,-2.28349,53.70063,inferred,charity_register
THE LIVERPOOL MOSQUE AND ISLAMIC INSTITUTE,1071951,L18 1EQ,-2.91885,53.3891,name,charity_register
NORTH WEST KENT MUSLIM ASSOCIATION,1073906,DA1 4EF,0.17686,51.45332,inferred,charity_register
WHITLEY BAY ISLAMIC CULTURAL CENTRE,1075136,NE25 8HR,-1.45416,55.03581,inferred,charity_register
KASIM BIN MOHAMMED AL-THANI,1075012,W1J 7RU,-0.14899,51.50541,activity,charity_register
CHINGFORD ISLAMIC SOCIETY,1074602,E4 9AA,-0.01774,51.61082,inferred,charity_register
MANCHESTER ISLAMIC EDUCATIONAL TRUST LTD,1073862,M16 8NH,-2.25225,53.44521,inferred,charity_register
WIMBLEDON MOSQUE,1108474,SW19 8DS,-0.19697,51.43591,name,charity_register
"JAMIA KHIZRA MOSQUE AND ISLAMIC CENTRE, BURY",1092049,BL9 0RJ,-2.28701,53.59206,name,charity_register
SHAHJALAL JAME MOSQUE TRUST,1076388,BS7 9BG,-2.58183,51.47391,name,charity_register
ABDULLAH QUILLIAM SOCIETY,1086228,L6 1AE,-2.96096,53.41431,activity,charity_register
HEATHROW MUSLIM COMMUNITY CENTRE,1076723,TW5 9TN,-0.40718,51.47834,inferred,charity_register
JAMIA HANFIA GHOSIA MOSQUE AND PRINCESS STREET RESOURCE CENTRE,1079117,DE14 2NW,-1.64254,52.81016,name,charity_register
ASHTON CENTRAL MOSQUE CHARITABLE TRUST,1121224,OL6 9JA,-2.0875,53.49271,name,charity_register
MASJID - E - NOOR (BLACKBURN),1084170,BB2 6LS,-2.50168,53.74885,name,charity_register
BOW COMMON MASJID AND CULTURAL TRUST,1127023,E3 3PN,-0.02021,51.52033,name,charity_register
MALDON DISTRICT ISLAMIC CULTURAL ASSOCIATION ( MICA),1082087,CM9 5HP,0.68648,51.72877,inferred,charity_register
STEPNEY SHAHJALAL MOSQUE & CULTURAL CENTRE,1079423,E1 4TD,-0.0412,51.51842,name,charity_register
MASJID-E-USMAN AND MADRASAH TRUST BOLTON,1088373,BL1 8EY,-2.43519,53.59399,name,charity_register
"Masjid-e-Sajedeen, Maddresah Islamiyah & Islamiyah School",1081557,BB1 5PA,-2.46693,53.75874,name,charity_register
ISLAMIC DA'WAH COUNCIL UK,1080427,E7 8LT,0.03756,51.54165,inferred,charity_register
PAKISTAN MUSLIM ASSOCIATION NEWCASTLE CENTRAL MOSQUE AND ISLAMIC CENTRE (BILAL JAMIA MASJID),1084434,NE4 6SU,-1.64005,54.96894,name,charity_register
BEDFORD CENTRAL JAMEE MASJID AND ISLAMIC CULTURAL CENTRE,1081598,MK40 1HU,-0.47379,52.13674,name,charity_register
ALTRINCHAM AND HALE MUSLIM ASSOCIATION,1101378,WA15 8JG,-2.32727,53.38056,inferred,charity_register
THE BATH ISLAMIC SOCIETY LIMITED,1080827,BA1 1LA,-2.35734,51.38028,inferred,charity_register
MASJID-E-UMER TRUST,1083652,E17 8QR,-0.02297,51.5787,name,charity_register
THE BOURNEMOUTH JAMEI MOSQUE TRUST,1080078,BH9 2SA,-1.87942,50.75032,name,charity_register
ANJUMAN-E-EZZI (NOTTINGHAM),1080153,NG15 7RY,-1.19714,53.03187,inferred,charity_register
ANJUMAN-E-SAIFEE (LEICESTER),1080082,LE4 5LQ,-1.12149,52.65642,inferred,charity_register
GOLDEN MOSQUE ISLAMIC CULTURAL CENTRE,1084209,OL12 6TG,-2.1658,53.61863,name,charity_register
REDBRIDGE ISLAMIC CENTRE,1081870,IG2 6XG,0.06552,51.57786,inferred,charity_register
"MASJID-E-SALAAM AND MADRASAH TRUST, BOLTON",1081944,BL1 7HX,-2.43351,53.60332,name,charity_register
DORCHESTER ISLAMIC CENTRE,1081646,DT1 1YG,-2.44571,50.71509,activity,charity_register
MASJID-E-NOOR (BIRMINGHAM) TRUST LIMITED,1091611,B6 5HP,-1.8872,52.50187,name,charity_register
MINHAJ-UL-QURAN WELFARE FOUNDATION,1084057,M21 7QY,-2.25864,53.4245,inferred,charity_register
NEATH ISLAMIC CULTURAL CENTRE,1082210,SA11 3JB,-3.77456,51.67578,inferred,charity_register
AL- FALAH BRAINTREE ISLAMIC CENTRE LTD,1086210,CM7 1EY,0.55018,51.87781,inferred,charity_register
THE MUSLIM COUNCIL OF BRITAIN CHARITABLE FOUNDATION,1084651,W1W 5PF,-0.1437,51.52167,inferred,charity_register
SOUTH TOTTENHAM MUSLIM COMMUNITY ASSOCIATION,1093400,N16 6TP,-0.06782,51.57584,inferred,charity_register
USMANI MOSQUE,1089411,LE5 5FE,-1.10331,52.63149,name,charity_register
WINCHESTER MUSLIM CULTURAL ASSOCIATION,1085124,SO23 7DY,-1.31476,51.06963,activity,charity_register
JAMIYA MASJID & ISLAMIC CENTRE,1089986,BR2 9JX,0.02307,51.39854,name,charity_register
FOLESHILL ISLAMIC EDUCATION CENTRE TRUST,1086069,CV6 5JQ,-1.49687,52.43232,inferred,charity_register
HUSAINI MASJID AND MOHAMMEDI PARK MANAGEMENT TRUST,1087244,UB5 6AG,-0.36494,51.54272,name,charity_register
HOSSEINIEH FOUNDATION FOR ISLAMIC EDUCATION AND WELFARE,1087427,BS5 6SP,-2.55952,51.47276,inferred,charity_register
AL-ANSAR ISLAMIC EDUCATION CENTRE,1086387,IG3 8TD,0.10868,51.56652,inferred,charity_register
CENTRAL MOSQUE NORTHAMPTON,1085667,NN1 4PD,-0.87656,52.24798,name,charity_register
MADRASA TUL IMAM MUHAMMAD ZAKARIYA,1088511,PR1 3TN,-2.69927,53.75519,inferred,charity_register
BAITUL AMAN MOSQUE AND CULTURAL CENTRE,1093925,E2 0FT,-0.05279,51.52502,name,charity_register
THURROCK ISLAMIC EDUCATION AND CULTURAL ASSOCIATION,1088656,RM17 6RB,0.32914,51.47828,activity,charity_register
AYLESBURY ISLAMIC EDUCATIONAL TRUST,1090502,HP20 1LD,-0.79822,51.81521,inferred,charity_register
MASJID ALI CHARITABLE TRUST,1093940,LE4 6RE,-1.10758,52.65529,name,charity_register
ASSUNNAH ISLAMIC CENTRE,1201011,N17 6SB,-0.0692,51.59544,activity,charity_register
SOUTHAMPTON MEDINA MOSQUE TRUST LIMITED,1108096,SO14 0BH,-1.39925,50.90977,name,charity_register
ISLAMIC CENTRE ABERDARE,1088551,CF44 8ET,-3.44751,51.72088,inferred,charity_register
ISLAMIC SOCIAL AND EDUCATIONAL TRUST,1100516,M13 0WU,-2.20322,53.45726,inferred,charity_register
MOLESEY ISLAMIC CULTURAL CENTRE,1090667,KT8 0DL,-0.35392,51.3996,inferred,charity_register
SHAH PORAN ISLAMIC JAMI MOSQUE AND COMMUNITY TRUST,1093509,B10 0BP,-1.86963,52.47011,name,charity_register
JAMIA SHAN-E-ISLAM WELFARE AND EDUCATIONAL CENTRE,1090464,BD18 2DR,-1.77282,53.82244,inferred,charity_register
"MUSLIM SOCIETY OF PRESTON NEW ROAD, BLACKBURN",1093534,BB2 6JS,-2.5033,53.75103,inferred,charity_register
GATWICK BANGLADESHI ISLAMIC AND COMMUNITY ASSOCIATION,1101926,RH6 7BN,-0.16141,51.17312,activity,charity_register
SITTINGBOURNE ISLAMIC CULTURAL CENTRE,1097179,ME10 1AT,0.72884,51.34193,inferred,charity_register
IMAMIA MUSLIM SOCIETY OF HUSSAINI MISSION,1091165,NP20 1EN,-2.99103,51.58247,inferred,charity_register
ISLAMIC DAWAH CENTRE INTERNATIONAL,1092139,B7 5AF,-1.86774,52.49621,inferred,charity_register
SHAHFORAN MOSQUE AND ISLAMIC CENTRES (TRUST),1098501,M13 0TA,-2.20154,53.45062,name,charity_register
KENTISH TOWN BAITUL AMAN MOSQUE,1092673,NW5 4NU,-0.15054,51.55005,name,charity_register
JAMIA MASJID ISLAMIC CENTRE (TOWNSEND ROAD),1090425,UB1 1HE,-0.38593,51.50902,name,charity_register
FAIZUL QURAN JAMIA MOSQUE,1093465,B19 1RJ,-1.91368,52.50326,name,charity_register
MASJID AD-DAWAH ILA ALLAAH,1099009,CV6 5HS,-1.49556,52.43449,name,charity_register
MASJID AND MADRESSA TALEEM-UL-ISLAM,1098101,BB1 7JJ,-2.48228,53.74953,name,charity_register
SCARBOROUGH ISLAMIC SOCIETY,1095646,YO12 7BY,-0.41048,54.27906,inferred,charity_register
BOW MUSLIM CULTURAL CENTRE,1108433,E1 1BJ,-0.0573,51.51932,inferred,charity_register
AL-ANSAAR WELFARE & EDUCATION,1100482,PR2 8NA,-2.70885,53.77661,activity,charity_register
ABU BAKR TRUST,1108415,WS1 4JJ,-1.99099,52.57571,activity,charity_register
SRI LANKA ISLAMIC (UK) ASSOCIATION,1098114,W7 3TT,-0.33803,51.50822,inferred,charity_register
CHORLEY MUSLIM TRUST,1094319,PR6 7PE,-2.6351,53.67461,inferred,charity_register
MUSLIM CULTURAL SOCIETY OF BIRMINGHAM,1099763,B8 2JG,-1.8275,52.49309,inferred,charity_register
MEDINA ISLAMIC EDUCATIONAL & CULTURAL CENTRE,1100102,SL4 4UP,-0.64297,51.47146,inferred,charity_register
BEESTON MUSLIM CENTRE,1104130,NG9 2EU,-1.20447,52.92807,inferred,charity_register
AL-HIDAYAH ASSOCIATION,1107617,WF12 9NU,-1.63199,53.67973,activity,charity_register
MORNING LANE MOSQUE TRUST,1104697,E9 6RG,-0.04691,51.54453,name,charity_register
JAMIA MASJID & MADRASSA FAIZ UL QURAN GHOUSIA,1102307,B33 8UB,-1.81319,52.4807,name,charity_register
INDONESIAN ISLAMIC CENTRE,1105685,SE9 3BG,0.05499,51.43033,inferred,charity_register
AL-JAMIA DARUL QURAN BOLTON UK,1105393,BL3 6TJ,-2.44138,53.56548,inferred,charity_register
JAMIA MOSQUE ANWAR-UL-LOOM TRUST,1103529,B66 3EU,-1.95785,52.49007,name,charity_register
SWANSEA MOSQUE AND ISLAMIC COMMUNITY CENTRE,1105355,SA1 4DG,-3.95305,51.61839,name,charity_register
MASJID HAZRAT SHAHJALAL TRUST,1108276,B19 1LB,-1.90389,52.50339,name,charity_register
IPSWICH AND SUFFOLK BANGLADESHI MUSLIM COMMUNITY CENTRE AND MOSQUE,1104877,IP3 8LF,1.18192,52.05284,name,charity_register
MUSLIM HANDS,1105056,NG7 5JE,-1.17507,52.96437,inferred,charity_register
THE SHAHJALAL MOSQUE,1105265,NG7 5AH,-1.17053,52.96302,name,charity_register
BRIXTON HILL ISLAMIC CENTRE,1106351,SW2 1HE,-0.124,51.44898,inferred,charity_register
QUEENS CROSS MOSQUE AND COMMUNITY CENTRE,1112676,DY1 1QU,-2.09361,52.5058,name,charity_register
MASJID AL AQSA,1109233,BL1 4LL,-2.44995,53.57615,name,charity_register
QUEENSGATE ISLAMIC CENTRE,1106932,BB10 1EF,-2.2338,53.80742,inferred,charity_register
KETTERING MUSLIM ASSOCIATION,1108873,NN15 6AD,-0.72746,52.38837,inferred,charity_register
BRITISH MUSLIM HERITAGE CENTRE,1110104,M16 8BP,-2.26436,53.44892,inferred,charity_register
THE KATHOR MUSLIM SOCIETY OF UK,1112981,E17 6RS,-0.02431,51.58517,inferred,charity_register
EDGWARE MUSLIM COMMUNITY CENTRE,1109296,HA8 7EQ,-0.27719,51.61015,inferred,charity_register
THE SHROPSHIRE ISLAMIC FOUNDATION,1112127,TF1 1NZ,-2.51156,52.69962,activity,charity_register
BEXHILL ISLAMIC ASSOCIATION,1109609,TN40 1QA,0.47416,50.84157,activity,charity_register
SHEFFIELD ISLAMIC CENTRE MADINA MASJID TRUST,1110135,S8 0ZU,-1.47505,53.36394,name,charity_register
MALAYALEE MUSLIM CULTURAL AND WELFARE ASSOCIATION (UK),1110774,UB5 4NL,-0.35982,51.55274,inferred,charity_register
MADINA MOSQUE AND COMMUNITY CENTRE,1110910,CF244NZ,-3.17575,51.49596,name,charity_register
SRI LANKA MUSLIM ASSOCIATION (UK),1111447,SL2 5AH,-0.59355,51.5139,activity,charity_register
FERHAM ISLAMIC CULTURAL CENTRE,1111594,S61 1BH,-1.37724,53.42793,inferred,charity_register
THE JAMIAT AHL-E-HADITH NELSON,1111465,BB9 0WB,-2.19289,53.83286,inferred,charity_register
THE BRICK LANE JAMME MASJID TRUST (LONDON) LIMITED,1111582,E1 6QL,-0.0722,51.52089,name,charity_register
INDIAN MUSLIM TRUST,1112147,E11 4RP,0.00727,51.56344,inferred,charity_register
DARUL ULOOM JAMIA MOHAMMADIA ISLAMIC EDUCATION AND CULTURE CENTRE,1115612,BD3 8EH,-1.723,53.79415,inferred,charity_register
NEWCASTLE CENTRAL MOSQUE MASJID AL-TAWHID,1115472,NE4 8RQ,-1.64638,54.97354,name,charity_register
BOLTON EDUCATION & WELFARE TRUST : AL-JAMIA TAHFEEZUL QURAN,1114346,BL3 3AA,-2.43951,53.56477,inferred,charity_register
THE CHRISTIAN MUSLIM FORUM,1114793,N1 9JP,-0.11682,51.53137,activity,charity_register
THE SHAH JALAL ISLAMIC FOUNDATION,1114714,SM1 4LF,-0.18825,51.3624,inferred,charity_register
JALALIA SUNNI JAMI MASJID & ISLAMIC EDUCATION CENTRE,1116186,WS1 3BX,-1.98046,52.57834,name,charity_register
OMAR FARUQUE MOSQUE AND CULTURAL CENTRE,1117040,CB4 2ST,0.12546,52.23053,name,charity_register
BARAWA AL-RAHMA SOMALI ISLAMIC CENTRE,1120753,RM8 2FY,0.10985,51.55031,inferred,charity_register
ISLAMIC CENTRE DERBY MOSQUE TRUST,1116427,DE23 2QR,-1.50513,52.88896,name,charity_register
HACKNEY ISLAMIC COMMUNITY CENTRE,1117069,E9 6JA,-0.04554,51.54781,activity,charity_register
SHAH JALAL JAMI MASJID,1119364,WS1 3PJ,-1.98452,52.57843,name,charity_register
MADRASAH-E-ASHRAFUL ULOOM,1119829,B9 4UH,-1.85373,52.47898,inferred,charity_register
JALALIA MOSQUE AND ISLAMIC EDUCATION CENTRE,1119082,CF11 6ER,-3.19117,51.47841,name,charity_register
WEST WALES ISLAMIC CULTURAL ASSOCIATION,1120304,SA31 1LR,-4.30166,51.85865,inferred,charity_register
EAST HAM BANGLADESHI ISLAMIC COMMUNITY TRUST,1122004,E6 2PU,0.06478,51.53165,inferred,charity_register
NEWBURY PARK MASJID,1118363,IG2 7PY,0.09355,51.58169,name,charity_register
LEWSEY MUSLIM CULTURAL SOCIETY,1120762,LU4 0QY,-0.49236,51.90099,activity,charity_register
JAMIAT AHL-E-HADITH NOTTINGHAM,1118626,NG7 5NG,-1.17906,52.96455,activity,charity_register
BANGOR ISLAMIC CENTRE,1119727,LL57 1NR,-4.13046,53.22364,inferred,charity_register
SRI LANKAN MUSLIM COMMUNITY FOUNDATION OF MILTON KEYNES,1120439,MK6 2AQ,-0.74837,52.03573,inferred,charity_register
EIC AL-MASJID TRUST,1121179,N18 2SJ,-0.06282,51.61368,name,charity_register
BH ISLAMIC CENTRE LONDON,1121087,NW2 3JG,-0.21361,51.55503,inferred,charity_register
PORTSMOUTH MUSLIM ACADEMY,1119906,PO5 1LU,-1.08324,50.7895,inferred,charity_register
HILLINGDON BOROUGH CENTRAL MOSQUE AND COMMUNITY SERVICES,1120634,UB3 4NX,-0.42343,51.50049,name,charity_register
CRESCENT LEARNING CENTRE (MAKKI MASJID TRUST),1129470,DE14 2QA,-1.64264,52.81444,name,charity_register
EAST LONDON MOSQUE TRUST,1122613,E1 1JQ,-0.06555,51.51747,name,charity_register
BRIGHTON MOSQUE & MUSLIM COMMUNITY CENTRE,1122974,BN1 5PA,-0.15078,50.83481,name,charity_register
KHOJA SHIA ITHNA-ASHERI MUSLIM COMMUNITY (BAQUIR) LIMITED,1122264,B12 8SX,-1.88434,52.45658,inferred,charity_register
BRACKNELL ISLAMIC CULTURAL SOCIETY,1122605,RG12 1RB,-0.77543,51.41535,inferred,charity_register
DUDLEY CENTRAL MOSQUE AND MUSLIM COMMUNITY CENTRE,1127373,DY2 7AJ,-2.07903,52.51187,name,charity_register
DARUL ULOOM DAWATUL IMAAN,1124091,BD4 9PH,-1.72517,53.77519,inferred,charity_register
KENT ISLAMIC CENTRE,1123477,ME5 7AA,0.53554,51.37843,activity,charity_register
GULZARE MADINA ISLAMIC WELFARE TRUST,1211053,NN3 2TS,-0.84962,52.25927,activity,charity_register
LUTON ISLAMIC COMMUNITY FORUM,1126387,LU4 9HT,-0.46829,51.90611,inferred,charity_register
MUSLIM EDUCATION AND CULTURAL ASSOCIATION (GUILDFORD),1126121,GU3 3PH,-0.61278,51.27924,inferred,charity_register
MADRASA IBRAHIM,1126042,BL3 2HG,-2.41929,53.56368,inferred,charity_register
ISLAMIC ACADEMY OF COVENTRY (IAC),1124362,CV1 5HU,-1.49834,52.41688,inferred,charity_register
MASJID AL-FURQAN,1124664,ST6 5AW,-2.21214,53.05968,name,charity_register
WESTON ISLAMIC EDUCATION CENTRE,1125021,BS23 1RU,-2.97757,51.34972,inferred,charity_register
JAMIA ISLAMIA MUNSHI BAZAR TRUST,1126359,E3 3RH,-0.01952,51.5194,inferred,charity_register
GREEN LANE MASJID AND COMMUNITY CENTRE,1125833,B9 5DB,-1.86273,52.47324,name,charity_register
POPLAR CENTRAL MOSQUE,1130260,E14 0EG,-0.01001,51.51155,name,charity_register
THE COVENTRY MUSLIM SWAHILI ASSOCIATION,1126750,CV1 5LJ,-1.49279,52.41096,activity,charity_register
MADINATUL ULOOM JAMI MASJID TRUST,1126551,B6 6NA,-1.89573,52.50636,name,charity_register
JAME TRUST,1125931,LE5 3QJ,-1.10568,52.63612,activity,charity_register
AL- AMIN JAME MOSQUE,1128321,OL16 2EX,-2.1445,53.62053,name,charity_register
MAKKI MUSLIM SOCIETY,1126472,BL1 3JB,-2.44367,53.59168,inferred,charity_register
DAGENHAM ISLAMIC WELFARE ASSOCIATION & MOSQUE,1129870,RM9 5DX,0.1449,51.54689,name,charity_register
SHAH JALAL MADRASA AND EATIM KHANA TRUST,1126912,B6 6DE,-1.89432,52.50471,activity,charity_register
TEES VALLEY MUSLIM COMMUNITY CENTRE,1127170,TS18 3TT,-1.3251,54.54705,inferred,charity_register
QADRIA TRUST (UK),1129096,B12 8JL,-1.87412,52.45734,activity,charity_register
THE MILTON KEYNES ISLAMIC AND CULTURAL ASSOCIATION CIO,1180757,MK10 9ND,-0.70077,52.04719,activity,charity_register
DAARUL JANNAH COMMUNITY CENTRE AND MASJID,1127718,B25 8DP,-1.83638,52.46391,name,charity_register
HYDE ISLAMIC RESOURCE CENTRE,1127584,SK14 1HW,-2.07979,53.45021,inferred,charity_register
WEYMOUTH AND DORCHESTER ISLAMIC CENTRE,1134365,DT4 0LN,-2.47451,50.61153,inferred,charity_register
GREEN MASJID AND MADRASSAH,1127380,B13 9DH,-1.87845,52.44572,name,charity_register
BECONTREE HEATH ISLAMIC SOCIETY (DAGENHAM CENTRAL MOSQUE) LIMITED,1131215,RM8 3JL,0.1359,51.55976,name,charity_register
STRATFORD ISLAMIC CULTURAL CENTRE TRUST LIMITED,1128546,E7 0EB,0.02133,51.55544,activity,charity_register
PLAISTOW JAMIA ISLAMIA (PJI),1129431,E12 6BW,0.05038,51.55283,inferred,charity_register
JAMIAT AHL - E - HADITH BANBURY,1128815,OX16 0DH,-1.34929,52.06215,activity,charity_register
HIDAIYAT-UL-MUSLIMIN TRUST,1130432,M16 9DE,-2.2723,53.46169,activity,charity_register
SHAH JALAL MOSQUE & ISLAMIC CENTRE,1139992,M14 5WE,-2.22676,53.45076,name,charity_register
SRI LANKAN MUSLIM COMMUNITY OF EAST LONDON,1131486,E6 1HW,0.05197,51.53468,activity,charity_register
MIFTAH-UL-ULOOM MUSLIM TRUST,1131524,BB1 3AP,-2.46288,53.74959,inferred,charity_register
Masjid Ghousia Jamia Markaz Ahl-E- Sunnat Wah-Jamaat (Peterborough),1131838,PE1 2BY,-0.25099,52.58449,name,charity_register
MADINA MASJID COMMUNITY CENTRE,1131395,NE24 2ED,-1.50632,55.12417,name,charity_register
NORTH WEST ISLAMIC CULTURAL CENTRE,1132594,NW2 3EP,-0.2121,51.55422,inferred,charity_register
SOMERS TOWN MOSQUE LTD,1133473,NW1 1LT,-0.13066,51.52965,name,charity_register
THE MID SUSSEX ISLAMIC CENTRE,1131150,RH16 4EQ,-0.10063,50.99157,inferred,charity_register
SKETTY MOSQUE AND COMMUNITY CENTRE,1214336,SA2 9AS,-3.99052,51.61699,name,charity_register
JAMI MASJID AND BANGLADESHI ISLAMIC CENTRE SMETHWICK LIMITED,1133871,B66 2BP,-1.96595,52.50055,name,charity_register
AL-FALAH ISLAMIC EDUCATION CENTRE,1132039,UB7 9HH,-0.45875,51.49649,activity,charity_register
THE HOLLOWAY MOSQUE,1132426,N7 8DD,-0.10979,51.55108,name,charity_register
BAITUL AMAN JAM-E- MOSQUE AND MADRASHA,1135917,BD3 9JT,-1.73702,53.79459,name,charity_register
BAITUL MUKARRAM JAME MASJID AND ISLAMIC CULTURAL CENTRE,1134376,S2 4NB,-1.47312,53.3654,name,charity_register
ISLAMIC SOCIETY OF CLEVELAND,1133547,TS1 3JB,-1.23048,54.56849,inferred,charity_register
MASJID - E- BILAL TRUST,1138370,B21 9HT,-1.93632,52.5054,name,charity_register
BRITISH MUSLIM INTEGRATION TRUST,1134999,RH11 7LG,-0.20712,51.1313,inferred,charity_register
WORCESTER ISLAMIC ASSOCIATION,1133455,WR1 2SB,-2.21536,52.19536,inferred,charity_register
ALBARAKA ISLAMIC RESOURCES CENTRE (AIRC),1135587,SE4 1UY,-0.02896,51.47075,inferred,charity_register
JALALABAD ISLAMIC AND CULTURAL ASSOCIATION,1138144,BD3 9DD,-1.73344,53.79705,activity,charity_register
SRI LANKAN MUSLIM FOUNDATION LEICESTER,1137869,LE4 9EA,-1.09725,52.65301,activity,charity_register
WOLVERHAMPTON MUSLIM FORUM,1138428,WV6 0QR,-2.14178,52.59539,inferred,charity_register
MASJID ASSAHABAH AND ISLAMIC CULTURAL CENTRE,1139793,HU5 1AW,-0.34822,53.75969,name,charity_register
SHAHJALAL ISLAMIC CENTRE & MASJID,1138698,IP4 1NB,1.16148,52.05618,name,charity_register
AL - RAZA ISLAMIC EDUCATIONAL AND WELFARE TRUST,1140217,NE15 6RR,-1.66395,54.97198,inferred,charity_register
MILTON KEYNES JAMEE MASJID,1126470,MK2 2LY,-0.73437,51.99233,name,charity_register
Masjid Ibraheem & Education Centre,1128472,BD3 8PX,-1.71092,53.79645,name,charity_register
SHAH JALAL ISLAMIC CULTURAL CENTRE (GATESHEAD),1130116,NE8 1SQ,-1.60827,54.95546,inferred,charity_register
EMAAN TRUST OF SHEFFIELD,1131861,S4 8DE,-1.44107,53.40464,activity,charity_register
WILTSHIRE ISLAMIC CULTURAL CENTRE,1131104,BA14 8DW,-2.20671,51.32183,inferred,charity_register
ESSEX ISLAMIC ACADEMY,1131755,IG11 7RJ,0.09246,51.53566,inferred,charity_register
LEYTONSTONE MUSLIM COMMUNITY CENTRE,1133328,E11 3AQ,0.01223,51.56851,inferred,charity_register
DAVENTRY MUSLIM ASSOCIATION,1133432,NN11 8YL,-1.17569,52.27339,inferred,charity_register
MADRASAH IMAM BUKHARI,1131563,LE4 5LR,-1.12218,52.65797,activity,charity_register
SURMA ISLAMIC EDUCATION CENTRE TRUST,1135305,B10 0EP,-1.8528,52.46193,inferred,charity_register
OLDHAM CENTRAL MASJID & ISLAMIC CENTRE,1133257,OL9 6BX,-2.12826,53.54542,name,charity_register
GRAVESHAM MUSLIMS CULTURAL AND EDUCATIONAL CENTRE,1136194,DA12 4AZ,0.38929,51.42394,inferred,charity_register
JALALABAD MUSLIM SOCIETY OF BANGLADESH,1132791,CV1 5BG,-1.4931,52.41666,inferred,charity_register
HIGHMEAD ISLAMIC SEMINARY LTD,1138301,SA40 9XX,-4.15945,52.076,inferred,charity_register
HAINAULT & CHIGWELL MUSLIM ASSOCIATION,1135397,IG6 3TQ,0.11631,51.61042,inferred,charity_register
GLOBE TOWN MOSQUE AND CULTURAL CENTRE LTD,1138270,E2 0RN,-0.04745,51.52863,name,charity_register
TAWFIQ MASJID AND CENTRE,1137291,BS5 9TG,-2.56293,51.45339,name,charity_register
AN-NOOR MASJID AND COMMUNITY CENTRE,1136241,B9 5QT,-1.84193,52.47683,name,charity_register
POPLAR MOSQUE AND COMMUNITY CENTRE LIMITED,1136509,E14 0FZ,-0.01007,51.51095,name,charity_register
JAMIAT UL MUSLIMIN,1136780,B10 0HA,-1.85116,52.46446,inferred,charity_register
RAWDA CULTURAL CENTRE MASJID IBN UTHAYMEEN,1135604,LE1 2LT,-1.12113,52.63904,name,charity_register
THE MADINA MOSQUE & ISLAMIC CENTRE LTD,1137153,OL8 1BT,-2.11646,53.52908,name,charity_register
ALRAHMAN MOSQUE AND CULTURAL CENTRE LTD,1137195,S4 7HA,-1.45789,53.39316,name,charity_register
LINCOLN GREEN MOSQUE & EDUCATION CENTRE LEEDS,1136935,LS17 5JB,-1.56012,53.85008,name,charity_register
WERNETH JAMIA MASJID,1137058,OL9 7AX,-2.13292,53.533,name,charity_register
MARHABA CHARITABLE TRUST (MCT),1135846,PE21 9AH,-0.01176,52.98114,activity,charity_register
CHADWELL HEATH MUSLIM CENTRE,1137176,RM6 4AU,0.12432,51.56958,inferred,charity_register
MASJID - E - UMAR,1138560,S4 7AH,-1.45738,53.40407,name,charity_register
SHAHJALAL LATIFIA MADRASHA AND ISLAMIC SCHOOL,1137251,B21 9QU,-1.94081,52.50723,activity,charity_register
MASJID SALAHUDDIN,1136065,LE1 3LQ,-1.1272,52.64108,name,charity_register
ZAKARIYYA MASJID,1137962,PR1 5RX,-2.67272,53.76992,name,charity_register
EDGWARE ISLAMIC CULTURAL TRUST,1137809,HA8 6HL,-0.28362,51.60706,inferred,charity_register
ISLAMIC COMMUNITY & EDUCATION CENTRE,1137985,DY9 8BT,-2.11481,52.45634,activity,charity_register
MUSLIM INSTITUTE TRUST,1137088,SE1 3GN,-0.07698,51.49965,inferred,charity_register
AL MANAAR ACADEMY LIMITED,1215676,LE11 2HL,-1.20966,52.75608,activity,charity_register
MIDDLESBROUGH CENTRAL MASJID AND COMMUNITY CENTRE,1137935,TS1 3EX,-1.22985,54.57041,name,charity_register
HANFI SUNNI MUSLIM CIRCLE- RAZA MASJID,1138795,PR1 1QH,-2.69639,53.76644,name,charity_register
JALALABAD JAMAY MASJID,1141065,OL4 1SB,-2.1035,53.53674,name,charity_register
MARKAZI JAMIA MOSQUE WAKEFIELD,1143480,WF2 8TF,-1.51304,53.67809,name,charity_register
CHELMSFORD MUSLIM SOCIETY,1139707,CM2 0HU,0.47405,51.73066,inferred,charity_register
HANFIA GHOUSIA MASJID,1142200,MK40 4JT,-0.48382,52.13235,name,charity_register
REDHILL ISLAMIC STUDY CIRCLE,1138280,RH1 2HZ,-0.15928,51.25097,inferred,charity_register
CROYDON ISLAMIC ACADEMY,1141001,SE27 9NR,-0.10215,51.43059,inferred,charity_register
ANJUMAN-E-QAIM-E-AAL-EMUHAMMED,1141545,CV3 6DQ,-1.53192,52.38024,inferred,charity_register
CENTRAL JAMIA MOSQUE RIZVIA,1139907,DE14 3LA,-1.64418,52.79605,name,charity_register
AL-FURQAN ISLAMIC DA'WAH ASSOCIATION,1138704,LE5 5JN,-1.10762,52.62597,activity,charity_register
AL-HUDA ISLAMIC CENTRE,1140270,S3 7WT,-1.4831,53.37567,inferred,charity_register
GHOUSIA ISLAMIC COMMUNITY CENTRE,1139167,GL1 4AG,-2.23764,51.86155,inferred,charity_register
Sughra Mosque,1142802,BL4 7LD,-2.40113,53.55487,name,charity_register
TAYYABA MASJID & MUSLIM EDUCATIONAL TRUST,1140625,WV3 0BU,-2.14182,52.58156,name,charity_register
IKHLASS MASJID,1141284,M8 5QB,-2.23114,53.51383,name,charity_register
CENTRAL MOSQUE AND COMMUNITY CENTRE,1143026,WS1 2JN,-1.97105,52.58287,name,charity_register
MADINA ISLAMIC CENTRE,1140585,NW2 2QH,-0.19903,51.56286,inferred,charity_register
REDCOAT COMMUNITY CENTRE AND MOSQUE,1140526,E1 3DW,-0.04597,51.51659,name,charity_register
MASJID AL HUDA,1139994,LE1 3LE,-1.12708,52.64273,name,charity_register
MUALLIM ACADEMY,1142455,HA1 2RZ,-0.33006,51.58754,activity,charity_register
JAMIA MASJID GHOUSIA ARMLEY,1142052,LS12 2BX,-1.58539,53.79582,name,charity_register
JAMIA HANFIA RIZVIA MOSQUE TRUST,1140778,NP20 2PP,-2.99187,51.58148,name,charity_register
SHEERWATER MUSLIM EDUCATION AND WELFARE TRUST,1141256,GU21 5JZ,-0.53648,51.3278,inferred,charity_register
ZUMUNTAH ASSOCIATION (UK),1143425,E13 0EB,0.01355,51.52967,activity,charity_register
JAMIAT AHL-E-HADITH OLDHAM,1143183,OL8 1UA,-2.12349,53.53625,activity,charity_register
SHAH-JALAL ISLAMIC CENTRE,1146407,CB4 3HQ,0.11518,52.2205,inferred,charity_register
SALAAM COMMUNITY ASSOCIATION,1141175,M167DJ,-2.25104,53.45795,activity,charity_register
JAMIA AL-JALALIAH FOUNDATION,1143844,OL1 2HQ,-2.12195,53.54933,inferred,charity_register
JAMIA MASJID ABU-BAKR AND ISLAMIC CENTRE,1143581,HD1 4BH,-1.79345,53.64464,name,charity_register
GHAUSIA MASJID INSTITUTE,1143382,WF1 3PD,-1.49266,53.68738,name,charity_register
MASJID AT-TAQWA COMMUNITY & EDUCATION TRUST,1141106,LE5 3LX,-1.1053,52.64135,name,charity_register
AL-FAROOQ ISLAMIC ACADEMY,1143243,DY4 7SP,-2.05835,52.51518,inferred,charity_register
MASJID-E-OWAIS-E-QARNI,1142310,IG1 3LG,0.05594,51.5654,name,charity_register
MADRASAH BAYTUL ILM,1141791,LE5 3GH,-1.10879,52.64115,inferred,charity_register
LEEDS ISLAMIC CENTRE,1142605,LS7 4BR,-1.52551,53.81243,activity,charity_register
"DARUL-ILM, (THORNHILL LEES CENTRAL MOSQUE)",1142589,WF12 9HT,-1.63725,53.67576,name,charity_register
SHAH JALAL MASJID & BURNLEY ISLAMIC CULTURAL CENTRE,1142360,BB10 2PU,-2.22797,53.81388,name,charity_register
MANCHESTER ISLAMIC AND CULTURAL CENTRE,1144802,M14 6YL,-2.21351,53.43884,inferred,charity_register
ISLAMIC EDUCATION CULTURAL CENTRE & QURAN ACADEMY,1144359,B10 9NJ,-1.8453,52.47157,inferred,charity_register
AGBRIGG MUSLIM ASSOCIATION,1144019,WF1 5BU,-1.47659,53.66836,inferred,charity_register
SHAJALAL MOSQUE & ISLAMIC CULTURAL CENTRE,1145075,CR0 3LE,-0.10857,51.38217,name,charity_register
THE BARDOLI MUSLIM WELFARE SOCIETY UK,1145341,IG1 4RA,0.07602,51.56702,inferred,charity_register
AL-MADINA JAMIA MASJID ISLAMIC EDUCATIONAL & CULTURAL CENTRE,1143153,OL4 1ES,-2.10069,53.53646,name,charity_register
MARKAZI JAMAT-E-AHLE SUNNAT BRITANIA AND EUROPE,1144304,M14 7DE,-2.23008,53.44959,activity,charity_register
IBN ABBAS ISLAMIC CENTRE,1147289,NW5 4EZ,-0.15327,51.54863,inferred,charity_register
HATFIELD MASJID & ISLAMIC CULTURAL CENTRE,1147854,AL10 0EH,-0.22118,51.76495,name,charity_register
MASJID-E-NOORUL ISLAM,1143878,BL1 3QH,-2.43148,53.58984,name,charity_register
WALLASEY ISLAMIC CULTURAL CENTRE,1144643,CH44 6LT,-3.02684,53.41297,inferred,charity_register
PORTSMOUTH JAMI MOSQUE & ISLAMIC CENTRE,1145914,PO5 1PS,-1.08012,50.79363,name,charity_register
MUSLIM COMMUNITY OF ESSEX,1143799,IG2 7HY,0.08785,51.57418,inferred,charity_register
IJABA MOSQUE AND CULTURAL CENTRE,1144542,E12 6PN,0.05465,51.54554,name,charity_register
MADRESSA MAHMOODIA,1146113,WF132HL,-1.63331,53.70005,inferred,charity_register
IPSWICH KURDISH ISLAMIC CULTURAL CENTRE,1149580,IP1 3DZ,1.14946,52.05888,inferred,charity_register
THORNHILL LEES MUSLIM WELFARE TRUST,1145497,WF12 0AR,-1.63009,53.67273,activity,charity_register
MUSLIM WOMEN'S ORGANISATION LIMITED,1145671,NG7 3HF,-1.17369,52.95556,inferred,charity_register
SOUTH ESSEX ISLAMIC TRUST,1145311,SS16 4ND,0.4872,51.56037,activity,charity_register
MARKAZI JAMIA MOSQUE RIZA & ISLAMIC CENTRE,1149039,HD2 2RP,-1.78603,53.65946,name,charity_register
PURLEY ISLAMIC COMMUNITY CENTRE,1146668,CR8 4EX,-0.1253,51.33154,inferred,charity_register
KILBURN & HAMPSTEAD MASJID LIMITED,1147336,NW6 7JN,-0.19925,51.54266,name,charity_register
RAZA ISLAMIC EDUCATION AND COMMUNITY CENTRE,1147125,WF12 9HB,-1.63912,53.67168,inferred,charity_register
KOKNI ITTIHAD-UL-MUSLIMEEN,1159311,BB1 3JL,-2.45559,53.74963,activity,charity_register
YORK WAY MASJID AND COMMUNITY CENTRE,1151255,NW1 7HB,-0.14498,51.53929,name,charity_register
AL-HABIB ISLAMIC EDUCATIONAL AND CULTURAL CENTRE SWINDON,1146042,SN2 8DA,-1.77476,51.57182,inferred,charity_register
JAMIA MASJID RIZVIA BRIERLEY HILL,1146991,DY5 3EE,-2.1224,52.48206,name,charity_register
ROCHDALE COUNCIL OF MOSQUES,1148918,OL16 9AT,-2.14878,53.61155,activity,charity_register
REDHILL ISLAMIC CENTRE / JAMIA MASJID AL-MUSTAFA,1146489,RH1 6HW,-0.17135,51.22709,name,charity_register
ISLAMIC EDUCATION TRUST (LEICESTER),1146612,LE2 0AL,-1.11489,52.63555,activity,charity_register
HEREFORD ISLAMIC SOCIETY,1148720,HR4 9SP,-2.71887,52.06714,inferred,charity_register
SOUTH BEDFORD ISLAMIC CULTURAL CENTRE,1147899,MK42 9NU,-0.46558,52.12356,inferred,charity_register
LOXFORD MUSLIM SOCIETY,1149964,IG1 1PU,0.07854,51.55201,activity,charity_register
GILLANI NOOR MASJID,1148726,ST3 4QS,-2.12219,52.98091,name,charity_register
NOAHS ARK (ASHFORD),1147950,TW14 8FP,-0.45832,51.44695,activity,charity_register
CORBY MUSLIM ASSOCIATION,1148796,NN17 1RL,-0.69663,52.48785,inferred,charity_register
STOCKPORT ISLAMIC CENTRE,1148457,SK2 6RX,-2.15818,53.40094,inferred,charity_register
THE MUSLIM CULTURAL SOCIETY OF LEEDS,1148484,LS8 5JH,-1.51589,53.81309,inferred,charity_register
AL-MADINA INTERNATIONAL ISLAMIC INSTITUTION SYLHET,1149207,E12 5BT,0.04726,51.55179,inferred,charity_register
ISLAMIC WAQF FOUNDATION,1148320,LE2 0NQ,-1.11909,52.62918,inferred,charity_register
"PRESTON MUSLIM SOCIETY, MASJID-E-SALAAM",1148437,PR2 9PL,-2.68809,53.79478,name,charity_register
JAMIA MASJID MADINA COLNE,1149265,BB8 0SE,-2.17207,53.85581,name,charity_register
KILBURN ISLAMIC CENTRE LTD,1149705,NW6 2DB,-0.20036,51.5442,inferred,charity_register
DARUL IKHLAS,1148610,NW2 7NG,-0.24132,51.56504,activity,charity_register
ISLAMIC EDUCATION CENTRE AND MOSQUE,1150827,SR2 9EH,-1.38326,54.88732,name,charity_register
LAMBETH MASJID & PROGRESSIVE COMMUNITY CENTRE,1149173,SE13 7AP,-0.01826,51.46015,name,charity_register
THE OPEN SCHOOL FOR ARABIC AND ISLAMIC STUDIES (OSAIS),1154279,M16 9AF,-2.26663,53.46423,inferred,charity_register
INTERNATIONAL ORGANISATION FOR DEVELOPMENT,1160858,N4 2DA,-0.10748,51.5635,activity,charity_register
JAMIA MASJID GOUSIA (TELFORD),1151050,TF1 1PF,-2.50683,52.69816,name,charity_register
AL-MUMINEEN ISLAMIC SOCIETY OF UK AND IRELAND,1150771,SE28 8DZ,0.11247,51.50685,inferred,charity_register
JAMIA REHMANIA RAZWIYYAH,1150395,BB9 0BH,-2.21695,53.83118,inferred,charity_register
CAPEHILL MUSLIM SOCIETY,1151422,B66 4PX,-1.96075,52.48494,activity,charity_register
MUSLIM FOUNDATION UK,1150549,NG7 6GA,-1.17352,52.97098,inferred,charity_register
ISLAMIC FOUNDATION,1150734,SK4 2DG,-2.19416,53.41123,activity,charity_register
THE ISLAMIC CULTURE CENTRE,1152331,PE1 2NP,-0.24652,52.58272,inferred,charity_register
MASJID BILAL MUDDRASA THALIM UL QURAN AND COMMUNITY CENTRE,1152856,B12 9NS,-1.89715,52.45551,name,charity_register
GOSPORT ISLAMIC SOCIETY,1151941,PO13 8DJ,-1.17335,50.80139,activity,charity_register
Baitul Ma'mur Jami Masjid & Bangladeshi Islamic Centre,1153915,NN5 5LJ,-0.91744,52.2412,name,charity_register
AFGHAN CULTURAL AND ISLAMIC CENTRE,1151166,B11 1SB,-1.87682,52.46237,inferred,charity_register
CENTRE FOR ISLAMIC GUIDANCE,1151640,E1 2BT,-0.05906,51.51488,inferred,charity_register
JAMIA MUHAMMADIYAH,1152105,HD1 6DZ,-1.78255,53.65558,inferred,charity_register
SHREWSBURY MUSLIM CENTRE,1151644,SY2 5NY,-2.73009,52.70434,inferred,charity_register
NOOR-UL-HUDA,1155400,HP19 8AX,-0.81858,51.82073,inferred,charity_register
UNION MASJID AND EDUCATION CENTRE,1152347,B44 9JH,-1.88503,52.55408,name,charity_register
ERITREAN MUSLIM COMMUNITY ASSOCIATION UK,1155751,SW8 2ND,-0.12945,51.47767,inferred,charity_register
MASJID AS-SUNNAH (ACCRINGTON),1152671,BB5 1SU,-2.3795,53.75356,name,charity_register
READING ISLAMIC CULTURAL CENTRE,1152548,RG1 3LB,-0.94927,51.45387,inferred,charity_register
GRANTHAM MUSLIM COMMUNITY ASSOCIATION,1153394,NG31 6RE,-0.64226,52.91307,inferred,charity_register
EASTBOURNE ISLAMIC CULTURAL CENTRE,1152022,BN21 3TX,0.28657,50.7721,inferred,charity_register
SOUTH MANCHESTER MUSLIM COMMUNITY ASSOCIATION,1153535,M19 2QD,-2.18257,53.43431,inferred,charity_register
GARDENS OF PEACE MUSLIM CEMETERY,1152922,IG1 3PB,0.05951,51.56954,inferred,charity_register
DARUL JANNAH TRUST AND STRATFORD MUSLIM CENTRE LIMITED,1153895,E15 3EU,0.01486,51.53249,inferred,charity_register
AL-HIJRAH TRUST,1154046,B10 9AZ,-1.83854,52.47393,activity,charity_register
MUSLIM COMMUNITY & EDUCATION CENTRE (MCEC),1156440,N13 5JL,-0.10579,51.61491,inferred,charity_register
JAMIA MASJID AND ISLAMIC CENTRE SLOUGH,1155410,SL1 3NY,-0.59942,51.51796,name,charity_register
MASJID-E-SUBHANALLAH,1155457,B10 9DT,-1.84228,52.47006,name,charity_register
MADINA MASJID,1158401,WF1 5BP,-1.47933,53.6686,name,charity_register
WELWYN ISLAMIC SOCIETY,1155040,AL7 1HG,-0.19142,51.80241,inferred,charity_register
MUSLIM TRUST AL-AALAMI,1157098,B28 9AX,-1.84436,52.43357,activity,charity_register
Carlisle Islamic Centre,1154717,CA1 2JA,-2.9229,54.88764,inferred,charity_register
JAMIA ALFURQAN LIMITED,1157121,B12 8LG,-1.87673,52.4562,inferred,charity_register
WEST LONDON ISLAMIC CULTURAL CENTRE,1155992,SW6 4HW,-0.20176,51.47656,activity,charity_register
ISLAMIC SHAKHSIYAH FOUNDATION,1155314,N15 5RG,-0.08396,51.58057,inferred,charity_register
WOODFORD MUSLIM CULTURAL CENTRE LTD,1157664,IG8 7HY,0.03879,51.60784,inferred,charity_register
INCLUSIVE MOSQUE INITIATIVE,1161730,N1 9AB,-0.12213,51.53274,name,charity_register
WORKSOP ISLAMIC SOCIETY TRUST,1163032,S80 2BE,-1.12183,53.30464,inferred,charity_register
OSWESTRY MUSLIM CENTRE,1158383,SY11 1QX,-3.05198,52.86093,inferred,charity_register
MEC FOUNDATION UK,1156165,NE4 8SA,-1.64784,54.97073,activity,charity_register
JAMIA MASJID HAROONIA NISBAT-E-RASOOLI AND MUSLIM TEACHING CENTRE,1156213,B8 3PX,-1.8305,52.48866,name,charity_register
Makki Madani Masjid,1157666,WF12 9PU,-1.63253,53.68709,name,charity_register
JAMIAH FAROOQIAH BRADFORD,1156647,BD3 8QJ,-1.72229,53.79831,inferred,charity_register
NEWMARKET ISLAMIC CULTURAL CENTRE,1162264,CB8 0HZ,0.40252,52.24516,inferred,charity_register
HUDHAYFAH BIN AL YAMAAN ISLAMIC CENTRE,1159316,E11 4PA,0.00874,51.56214,inferred,charity_register
MAKTABAH BAB-UL-ILM LTD,1158963,B8 2AD,-1.82657,52.4887,activity,charity_register
Hertfordshire Muslim Welfare Association,1159513,HP1 1EF,-0.47313,51.75117,inferred,charity_register
JAMIA ABDULLAH BIN MASOOD (RA),1160379,S9 3HJ,-1.43041,53.38851,inferred,charity_register
STAMFORD MASJID AND CULTURAL CENTRE,1166450,PE9 1BS,-0.49104,52.66163,name,charity_register
"THE MESSAGE, ISLAMIC INFORMATION CENTRE",1159029,S6 3BW,-1.48158,53.38925,activity,charity_register
HEALEY ISLAMIC TRUST,1158595,WF17 8BN,-1.65496,53.71265,inferred,charity_register
JAMIA MASJID SWAFIA,1167300,WF1 4NJ,-1.48599,53.68152,name,charity_register
GUJARATI SUNNI MUSLIM COMMUNITY CENTRE (GSMCC),1161868,PR1 7YD,-2.71036,53.77179,inferred,charity_register
Tawheed Islamic Education Centre of Maidenhead,1160479,SL6 8AJ,-0.72007,51.52561,inferred,charity_register
LEICESTER MARKAZ TRUST,1163994,LE2 0HB,-1.11414,52.63734,inferred,charity_register
ALMUHASSIN MOSQUE,1164693,SL3 6HF,-0.56497,51.55792,name,charity_register
DANESHOUSE ISLAMIC EDUCATION CENTRE,1160543,BB10 1AF,-2.24336,53.79764,inferred,charity_register
JAMIA ASHRAFUL ULOOM TRUST,1160601,WS10 9RG,-2.02142,52.56683,inferred,charity_register
BEDFORD ISLAMIC EDUCATION TRUST,1160137,MK42 9HP,-0.47133,52.12537,inferred,charity_register
DEEN ISLAMIC EDUCATION CENTRE,1164265,BL3 4ED,-2.45458,53.5623,inferred,charity_register
MARKAZ AT TAWHEED,1163893,CF11 6JW,-3.18557,51.47026,inferred,charity_register
NAQSHBANDI MUJADDEDI FOUNDATION,1162944,BL3 6TP,-2.44238,53.56621,activity,charity_register
ASHRAFIA MOSQUE TRUST,1163170,BL3 4UG,-2.47941,53.568,name,charity_register
NURULLAHI MUSLIM COMMUNITY NORTHAMPTON,1165800,NN3 8AD,-0.84197,52.27234,inferred,charity_register
ANJUMAN-E-HUSAINIYAH,1162229,NE4 9BR,-1.64736,54.97715,inferred,charity_register
Harrogate Islamic Association,1162809,HG1 1JA,-1.53826,53.98964,inferred,charity_register
AL-AZHAR MOSQUE SOUTH SHIELDS,1164773,NE33 5RU,-1.43891,54.99068,name,charity_register
WITTON ISLAMIC CENTRE,1162653,B6 6NS,-1.88734,52.51105,activity,charity_register
DARUL TACLIM WAL IFTA,1163677,NW10 2PP,-0.23131,51.54719,activity,charity_register
YEADING MASJID & AL MADINA ISLAMIC CENTRE,1163746,UB4 9BB,-0.39845,51.52723,name,charity_register
NOOR UL QURAN CENTRE,1164846,WF13 3AZ,-1.67315,53.67898,activity,charity_register
CAMBRIDGE ISLAMIC COLLEGE,1163646,CB1 2QA,0.14106,52.20245,inferred,charity_register
THE CAMBRIDGE MOSQUE TRUST,1164931,CB1 3DF,0.15138,52.197,name,charity_register
AHLUL ISTIQAMAH TRUST UK,1163919,IG11 8LA,0.07425,51.54135,activity,charity_register
BOROKURMA ISLAMIC ACADEMY,1165457,LE2 0GP,-1.11233,52.6364,inferred,charity_register
ANJUMAN-E-ISHA-AT-E-ISLAM,1166333,WS1 4JS,-1.98844,52.57562,inferred,charity_register
MUSLIM WORLD LEAGUE LONDON OFFICE TRUST,1172494,W1T 4LU,-0.13607,51.51944,inferred,charity_register
MASJID TALHA,1166030,WF13 4JR,-1.64127,53.69562,name,charity_register
WALTHAM FOREST NOOR UL ISLAM,1171380,E10 5AB,-0.00875,51.57299,activity,charity_register
MARKAZ A-TAQWA ALISLAMI,1167348,UB6 0PX,-0.31741,51.55,inferred,charity_register
PAKISTAN MUSLIM ASSOCIATION MADNI JAMIA MASJID AND ISLAMIC EDUCATION CENTRE,1167193,WF13 1DZ,-1.63055,53.69348,name,charity_register
FAROOQ E AZAM MOSQUE & ISLAMIC CENTRE,1165718,TS18 3EB,-1.31853,54.56016,name,charity_register
AL AQSA MASJID & COMMUNITY TRUST,1165107,B10 9HN,-1.831,52.46936,name,charity_register
EAST SUSSEX ISLAMIC ASSOCIATION,1165989,TN38 0EB,0.55707,50.85207,activity,charity_register
MOSTON MUSLIM COMMUNITY CENTRE,1168322,M40 9WB,-2.19778,53.51381,activity,charity_register
THE BOURNEMOUTH JAMEI MOSQUE TRUST,1167179,BH9 1JT,-1.87662,50.74266,name,charity_register
HAZRATH SHAHJALAL JAMIE MASJID,1171119,MK2 2GT,-0.7216,51.98937,name,charity_register
SHAHPORAN ISLAMIC CENTRE BRISTOL,1169391,BS10 5QD,-2.59879,51.49747,activity,charity_register
BOLTON KURDISH ACADEMY,1167619,BL3 6UR,-2.43722,53.5648,activity,charity_register
MASJID NOOR AND EDUCATION CENTRE,1171469,WF12 9HF,-1.63801,53.6712,name,charity_register
QUBA ISLAMIC & CULTURAL CENTRE,1168254,B7 4NY,-1.8756,52.4923,inferred,charity_register
AYLESBURY VALE ISLAMIC CENTRE,1167242,HP19 8DY,-0.83261,51.82232,inferred,charity_register
TEES VALLEY ISLAMIC & CULTURAL ASSOCIATION,1171360,TS6 6LZ,-1.17928,54.5795,activity,charity_register
BRIXTON MOSQUE AND ISLAMIC CULTURAL CENTRE,1168959,SW9 7PH,-0.11267,51.46527,name,charity_register
MASJID AL-HUMERA,1168594,E15 4LY,0.00857,51.5428,name,charity_register
AL MADINA TRUST,1172215,CV6 5LR,-1.50046,52.43338,activity,charity_register
KANZ UL IMAN CENTRAL JAMI'A MOSQUE,1171255,DY4 8SW,-2.05883,52.5252,name,charity_register
WYCOMBE ISLAMIC MISSION AND MOSQUE TRUST LTD,1169492,HP11 2PG,-0.76614,51.63337,name,charity_register
ISLAMIC ASSOCIATION OF NORTH LONDON,1173839,N12 0DA,-0.17599,51.61159,activity,charity_register
ISLAMIC BROTHERHOOD COVENTRY,1172391,CV1 4GY,-1.50204,52.41735,activity,charity_register
BAYT AL QAIM ISLAMIC CENTRE,1171666,BD7 3BZ,-1.7814,53.78292,activity,charity_register
RAZA JAMIA MASJID AND ISLAMIC CENTRE,1171018,BB5 0BA,-2.38284,53.75174,name,charity_register
MASJID HAYAT-UN-NABIY,1172406,OL8 1QZ,-2.12778,53.53399,name,charity_register
AL-SUNNAH MOSQUE,1170791,M8 9PB,-2.24531,53.50652,name,charity_register
LYTHAM ST ANNES ISLAMIC SOCIETY,1170146,FY8 3TD,-3.01061,53.75418,inferred,charity_register
MASJID AND MADRASAH UTHMAN,1172052,WF13 4NA,-1.64854,53.69784,name,charity_register
DARUL QURRA AND ISLAMIC RESEARCH CENTRE,1171449,B11 4HA,-1.86302,52.44738,activity,charity_register
COLCHESTER ISLAMIC COMMUNITY CENTRE,1175376,CO1 2JT,0.90466,51.88583,inferred,charity_register
NOTTINGHAM SUDANESE ISLAMIC CENTRE,1173853,NG7 7GR,-1.17155,52.97399,inferred,charity_register
MANCHESTER ISLAMIC SOCIETY,1173568,M11 4NY,-2.17087,53.48622,activity,charity_register
SEAHAVEN ISLAMIC COMMUNITY CENTRE,1172834,BN25 1LB,0.10142,50.77278,inferred,charity_register
Eton Mosque & Education Centre Burton,1173793,DE14 2QX,-1.63308,52.8185,name,charity_register
JAMIA MASJID AYESHA EDUCATION CENTRE,1173095,OL12 0RD,-2.15604,53.62465,name,charity_register
WORCESTER MUSLIM WELFARE ASSOCIATION,1173764,WR5 1JU,-2.21079,52.19352,activity,charity_register
NORTHAMPTON  MOSQUE AND ISLAMIC  CENTRE,1174312,NN1 3JF,-0.8884,52.24353,name,charity_register
Islamic Cultural Centre (Jaame Masjid),1173723,BB1 1JP,-2.4661,53.74578,name,charity_register
LIVERPOOL REGION MOSQUE NETWORK,1190333,CH42 0HA,-3.03251,53.38503,name,charity_register
AL NOOR ISLAMIC FOUNDATION,1175714,ST6 5TB,-2.20974,53.05715,inferred,charity_register
RUNNYMEDE MUSLIM SOCIETY,1176152,TW20 9HE,-0.54475,51.43288,activity,charity_register
KURDISH ISLAMIC CENTER AND MASJID SALAHUDDIN,1177758,ST1 2JS,-2.17398,53.02999,name,charity_register
EASTON JAMIA MASJID,1174320,BS5 6JH,-2.56435,51.46773,name,charity_register
GULZAR-E-MADINA COMMUNITY CENTRE,1174858,LE2 0GU,-1.11341,52.6324,activity,charity_register
MUNAWWARAH CENTRE,1174771,N16 0DA,-0.07483,51.56071,activity,charity_register
THE GREAT BARR MUSLIM FOUNDATION,1176449,B42 2LX,-1.91167,52.52973,inferred,charity_register
UGANDA MUSLIM COMMUNITY (UMC) MANCHESTER TWALE,1177180,M22 1QS,-2.27762,53.37408,activity,charity_register
RABBANIAH ISLAMIC CULTURAL CENTRE,1176290,CF11 6QP,-3.1869,51.47444,inferred,charity_register
CENTRAL JAMIA MOSQUE AND ISLAMIC EDUCATIONAL CENTRE,1176965,MK12 5JN,-0.80912,52.06252,name,charity_register
MANCHESTER JAME MASJID AND CULTURAL CENTRE,1177124,M13 0WN,-2.20555,53.45604,name,charity_register
AL-JAMIA SUFFA-TUL-ISLAM GRAND MOSQUE,1179463,BD5 0LD,-1.76919,53.78436,name,charity_register
ANJUMAN-E-ZINATUL ISLAM,1177057,WF17 5BA,-1.63068,53.70915,activity,charity_register
NEW PECKHAM MOSQUE,1178045,SE5 0HU,-0.07637,51.4849,name,charity_register
MAIDSTONE ISLAMIC CENTER LIMITED,1178668,ME15 6ES,0.52741,51.27057,inferred,charity_register
LEOPOLD COMMUNITY CULTURAL ASSOCIATION (LCCA),1182984,E3 4AJ,-0.02701,51.5181,activity,charity_register
JAMIA MASJID WEST DRAYTON TRUST,1178127,UB7 7AD,-0.47531,51.50924,name,charity_register
HAAYA FOUNDATION,1180288,TW3 1UA,-0.35748,51.46943,activity,charity_register
DORKING MUSLIM COMMUNITY ASSOCIATION LIMITED,1179425,RH4 1JS,-0.32971,51.23404,activity,charity_register
NEWCASTLE MUSLIM CENTRE,1179992,NE4 8AP,-1.65166,54.97475,inferred,charity_register
ISLAMIC EDUCATION CENTRE MADANI MASJID,1181648,BL1 2LF,-2.43366,53.58626,name,charity_register
NORWICH CENTRAL MOSQUE AND ISLAMIC COMMUNITY CENTRE,1181761,NR3 2HF,1.2868,52.6429,name,charity_register
REDBRIDGE MUSLIM COMMUNITY CENTRE,1180015,IG2 6PE,0.08282,51.57341,inferred,charity_register
EASTLEIGH MASJID AND ISLAMIC CENTRE,1180877,SO50 9DF,-1.35472,50.96928,name,charity_register
MASJID-UL-AQSA AND ISLAMIC CENTRE,1179403,OL8 1RF,-2.12485,53.53177,name,charity_register
COVENTRY SOMALI MUSLIM COMMUNITY TRUST,1180647,CV6 5BG,-1.49494,52.42681,inferred,charity_register
AL RISAALAH MOSQUE AND ISLINGTON ISLAMIC CENTRE,1180914,N7 0LP,-0.1202,51.55756,name,charity_register
MASJID AL-NOOR,1184868,PE21 8RJ,-0.03063,52.97737,name,charity_register
ARRAHMA ISLAMIC CENTRE,1181445,B10 0NR,-1.86294,52.47052,inferred,charity_register
ANJUMAN-E-NAQUEB-UL-ISLAM,1186953,B8 1RD,-1.85686,52.49347,activity,charity_register
MOORLANDS ISLAMIC CENTRE,1182067,LA1 3BX,-2.79293,54.04588,inferred,charity_register
Hamad Bin Khalifa Islamic Centre,1180090,SA73 2HW,-5.03186,51.71273,inferred,charity_register
BILBOROUGH ISLAMIC CENTRE TRUST,1180717,NG8 4PB,-1.21755,52.96663,inferred,charity_register
JAMIA ALMAARIF,1186352,IG11 8QA,0.07798,51.5435,inferred,charity_register
CHESTER SHAH JALAL JAME MOSQUE & ISLAMIC CENTRE,1182471,CH1 5LT,-2.92527,53.19955,name,charity_register
DARUS SALAM MOSQUE &  ISLAMIC CENTRE,1181237,M13 0QJ,-2.19661,53.45287,name,charity_register
SUFFA EDUCATION CENTRE,1181910,NG8 5GA,-1.19659,52.96984,activity,charity_register
COLCHESTER JAMIAH MASJID CIO,1183932,CO2 7DG,0.90289,51.88777,name,charity_register
MASJID ABU BAKR TRUST,1185364,B13 0PT,-1.87305,52.42435,name,charity_register
HAZRAT HAMZA MASJID TRUST,1182802,DE23 8PP,-1.47174,52.90331,name,charity_register
AL FURQAN EDUCATION TRUST,1187230,TW3 2AD,-0.36372,51.46368,activity,charity_register
CRAVEN  ARMS  ISLAMIC CENTRE,1181960,SY7 9PQ,-2.83211,52.43926,inferred,charity_register
MASJID  OMAR,1182378,HD1 5HT,-1.78942,53.6586,name,charity_register
BEARDWOOD MUSALLAH,1184121,BB2 7AT,-2.51026,53.75694,name,charity_register
AL QUBA MASJID TRUST,1183972,OL16 2HD,-2.14595,53.61954,name,charity_register
AFGHAN ISLAMIC AND CULTURE CENTRE,1185588,NW10 9NP,-0.24849,51.5479,inferred,charity_register
THAQWA MASJID AND MADRASAH,1184330,B9 5QJ,-1.84759,52.4749,name,charity_register
MASJID ABU BAKR WALTHAMSTOW,1190878,E17 6PJ,-0.02739,51.58511,name,charity_register
PEACE FOUNDATION,1183719,B12 8NT,-1.88204,52.45747,activity,charity_register
THE HARANGAM SUNNI MUSLIM JAMAAT UK,1185389,LE5 4AW,-1.09588,52.63784,inferred,charity_register
LEWISHAM ISLAMIC CENTRE,1187279,SE13 6NZ,-0.01647,51.45115,activity,charity_register
ELY ISLAMIC CENTRE,1187894,CB7 4AH,0.26746,52.39688,inferred,charity_register
THE BARKING MUSLIMS ASSOCIATION,1184296,IG11 8PY,0.07578,51.54391,inferred,charity_register
LOUGHBOROUGH MUSLIM CENTRE,1187103,LE11 1SG,-1.20064,52.76836,inferred,charity_register
NAQSHBANDIYYAH ASLAMIYYAH MASJID,1189075,WF13 3AQ,-1.66993,53.68215,name,charity_register
MADINATUL ULOOM AL-ISLAMYAH,1187467,B70 7AU,-1.99887,52.51554,activity,charity_register
JAMIA MASJID AND USMANIA EDUCATION CENTRE,1185555,S8 0XA,-1.48225,53.35755,name,charity_register
AL FATIHAH MOSQUE AND ISLAMIC CENTRE,1187629,CR0 5HL,-0.06165,51.36486,name,charity_register
MASJID TAYBAH,1186590,LE5 4HJ,-1.09594,52.6323,name,charity_register
HAVERING ISLAMIC CULTURAL CENTRE,1188207,RM7 0AA,0.18009,51.57244,inferred,charity_register
QUBA MASJID AND EDUCATION CENTRE,1189923,UB3 1AQ,-0.42296,51.50923,name,charity_register
MASJID & IMAMBARGAH SHUHDAE KARBALA,1187832,E13 8AL,0.02492,51.52353,name,charity_register
HAVERFORDWEST CENTRAL MOSQUE,1187819,SA61 2NZ,-4.96557,51.8046,name,charity_register
SOUTH WEST LONDON ISLAMIC SOCIETY,1186937,CR4 3EB,-0.17011,51.40868,inferred,charity_register
THE SRI LANKAN MUSLIM WELFARE ASSOCIATION OF WEST YORKSHIRE,1189362,WF13 2BJ,-1.63406,53.69816,inferred,charity_register
NORTHOLT ISLAMIC CENTRE,1189047,UB5 5AG,-0.37637,51.54326,inferred,charity_register
MUSLIM COMMUNITY ASSOCIATION HAVERHILL UK,1188646,CB9 8HF,0.43404,52.08253,inferred,charity_register
MACCLESFIELD MUSLIM COMMUNITY CENTRE,1188556,SK11 6JT,-2.12326,53.26032,inferred,charity_register
MASJID AND MADRASSA ISLAMIA,1189225,BB6 7DR,-2.40609,53.7839,name,charity_register
MASJID ASSUNAH,1188610,L8 2TU,-2.95792,53.39547,name,charity_register
MASJID AISHA,1189917,LE5 5AN,-1.10993,52.63098,name,charity_register
SLEAFORD ISLAMIC CENTRE,1190092,NG34 7RG,-0.41147,52.99573,inferred,charity_register
FIRDAWS ISLAMIC CENTRE,1189160,BD4 7BB,-1.74839,53.78931,inferred,charity_register
SHAHJALAL MOSQUE AND ISLAMIC CENTRE,1189107,OL8 1SD,-2.12161,53.53448,name,charity_register
DAR UL ULOOM ISLAMIA LONGSIGHT,1191747,M13 0ST,-2.20184,53.45399,inferred,charity_register
CHIGWELL ISLAMIC CENTRE,1189149,E1 0BB,-0.05362,51.51369,activity,charity_register
WATFORD ISLAMIC FOUNDATION TRUST,1189716,WD17 4TA,-0.41699,51.67736,inferred,charity_register
BIRMINGHAM ANJUMAN-E-ISLAM MASJID TRUST,1188915,B6 6AG,-1.90203,52.50843,name,charity_register
EAST ANGLIAN BANGLADESHI ISLAMIC TRUST,1190589,NR1 1PT,1.30249,52.62866,inferred,charity_register
ZIA UL UMMAH CENTRE,1190543,B9 5AA,-1.85558,52.47504,activity,charity_register
MUSLIM KHOJA SHIA ITHNA-ASHERI COMMUNITY OF LEICESTER,1190388,LE5 3LR,-1.09971,52.6407,inferred,charity_register
MADINA MOSQUE,1190941,BL1 2BZ,-2.43443,53.58153,name,charity_register
THE SLOUGH ISLAMIC TRUST,1191187,SL1 1RX,-0.58088,51.50983,activity,charity_register
JAMIA MASJID AND ISLAMIC STUDY CENTRE,1192141,B8 1RJ,-1.8512,52.49626,name,charity_register
DARTFORD MASJID AND ISLAMIC CENTRE,1192212,DA1 2AR,0.21575,51.44653,name,charity_register
LOWESTOFT MUSLIM CENTRE,1191448,NR33 0DR,1.7447,52.46788,inferred,charity_register
MARKAZI JAMIA MASJID GHAUSIA,1190404,HD1 3RT,-1.7928,53.63651,name,charity_register
OLD TRAFFORD MUSLIM SOCIETY,1191112,M16 9JE,-2.26367,53.4611,inferred,charity_register
MARKAZI JAMIAT AHL E HADITH,1191920,BD8 7RZ,-1.76459,53.80287,inferred,charity_register
FAIZAN-E-QURAN MASJID,1191659,PE1 5JA,-0.22521,52.5782,name,charity_register
UMMAH MASJID AND ISLAMIC CENTRE,1191268,WF17 5HU,-1.6328,53.71223,name,charity_register
MASJID-E-QUBA ASSOCIATION LTD,1191829,E7 9HY,0.01796,51.54486,name,charity_register
MASJID IBRAHEEM,1191497,ST1 4BP,-2.19069,53.02058,name,charity_register
MADRASSAH GAREEB NAWAZ & MOSQUE,1191671,WF12 9DW,-1.63015,53.67357,name,charity_register
YOUNG MUSLIM & COMMUNITY ORGANISATION,1195486,NP19 7EH,-2.98546,51.59236,inferred,charity_register
MOHAMMADIA MASJID AND ISLAMIC CENTRE,1193999,OL2 8RH,-2.09415,53.57461,name,charity_register
TAQWAT COMMUNITY MOSQUE,1193863,OL4 1BU,-2.09356,53.53597,name,charity_register
BRITANNIA ISLAMIC CENTRE FOR EDUCATION AND WELFARE,1192090,LE4 5GX,-1.12919,52.64947,inferred,charity_register
ASHTON JAME MOSQUE AND ISLAMIC CENTRE,1193326,OL6 7DS,-2.10118,53.48942,name,charity_register
ONE UMMAH NORTHFIELD,1193762,B31 5JP,-1.99929,52.40593,activity,charity_register
EQUILIBRIA,1194451,LS3 1AD,-1.55723,53.801,activity,charity_register
MEDINA MOSQUE STOKE,1192457,ST6 3HP,-2.18814,53.03598,name,charity_register
CHATHAM AND ROCHESTER MUSLIM COMMITTEE,1193321,ME4 6QG,0.51998,51.37576,inferred,charity_register
THORNTON HEATH ISLAMIC CENTRE,1193471,CR7 8SN,-0.09704,51.3975,inferred,charity_register
GREENGATE JAMIA MASJID,1199805,OL7 0NB,-2.10968,53.47687,name,charity_register
NEWCASTLE-UNDER-LYME ISLAMIC CENTRE,1193202,ST5 3RE,-2.23303,53.00017,inferred,charity_register
Markazi Jamia Masjid Ghousia ( Ahle Sunnat Wa Jamaat ),1193258,HX1 5DE,-1.87015,53.72291,name,charity_register
AL HAYAT TRUST,1193461,SO14 0SQ,-1.39321,50.9195,activity,charity_register
AL-SALAM MOSQUE,1193962,HU3 3EJ,-0.36449,53.73784,name,charity_register
COMPANIONS OF THE MOSQUE,1194653,SM1 4DP,-0.19078,51.36659,name,charity_register
AHMADIYYA ANJUMAN ISHAAT ISLAM LAHORE (UK),1195956,HA0 4JQ,-0.29539,51.54363,inferred,charity_register
AL-IMAAN TRUST,1195952,M12 4PY,-2.20475,53.46115,activity,charity_register
"LEICESTER MOROCCAN COMMUNITY CENTRE, MASJID TARIQ IBN ZIYAD",1194673,LE1 2DG,-1.12322,52.63859,name,charity_register
JAMIA MASJID NOOR UL QURAN,1194970,IG1 1YF,0.09039,51.55877,name,charity_register
Al-Noor Islamic & Education Centre,1195517,PO2 7EG,-1.08024,50.81229,inferred,charity_register
ANJUMAN-E-SHEHABI (EAST LONDON),1194421,IG7 6JJ,0.10736,51.61858,inferred,charity_register
SOCIETY FOR MUSLIM EDUCATION AND CULTURE,1194631,TW3 1UP,-0.36012,51.46775,activity,charity_register
KURD ASSOCIATION OF DERBY,1195231,DE23 8RL,-1.47834,52.8997,activity,charity_register
THE WAQF TRUST,1196355,PR3 5BT,-2.72873,53.81942,activity,charity_register
MASJID ILYAS TRUST,1195802,N16 5TU,-0.07361,51.56433,name,charity_register
AKANJEE FOUNDATION MASJID & ISLAMIC CENTRE,1196680,IG11 8SF,0.08459,51.54134,name,charity_register
MASJID AISHA HANDSWORTH WOOD,1196555,B20 1BH,-1.92792,52.52327,name,charity_register
ELLESMERE PORT MASJID AND ISLAMIC CENTRE,1195799,CH65 4BH,-2.89547,53.28402,name,charity_register
STEVENAGE MUSLIM COMMUNITY CENTRE,1199880,SG1 5PZ,-0.18096,51.91643,activity,charity_register
NAGINA JAMIA MASJID (MOSQUE),1196066,OL8 4BB,-2.1232,53.53556,name,charity_register
ERDINGTON ISLAMIC FOUNDATION,1195410,B23 6RG,-1.83673,52.52739,inferred,charity_register
CARLINGHOW ISLAMIC TRUST,1195951,WF17 8LT,-1.64555,53.71987,inferred,charity_register
GREEN LANE COMMUNITY CENTRE (GLCC),1196858,RM8 1UU,0.12306,51.56235,activity,charity_register
BRENTWOOD MOSQUE,1196314,CM14 5LR,0.27662,51.61111,name,charity_register
Solihull Central Masjid & Community Centre,1200650,B91 3HG,-1.76142,52.409,name,charity_register
MASJID AL MOMINEEN,1197643,BB1 6LX,-2.47015,53.75754,name,charity_register
JALALIA JAAME MOSQUE,1198749,OL16 2EB,-2.14768,53.6203,name,charity_register
MAHMUD SABIR MASJID,1197269,B11 3BZ,-1.84812,52.44833,name,charity_register
BIRMINGHAM MASJID AND DAWAH CENTRE,1197916,B19 2DR,-1.90578,52.50091,name,charity_register
MASJID-E-GHOSIA,1198342,BL3 6SX,-2.44402,53.56523,name,charity_register
JAMIA NIZAMIA CHARITY,1197846,DE23 8QE,-1.47829,52.90488,activity,charity_register
KHADIM UL QURAN TRUST,1197632,IG1 4AD,0.08361,51.56657,activity,charity_register
ISLAMIC SOCIETY OF GLOUCESTER,1198717,GL1 4HY,-2.2343,51.85952,inferred,charity_register
SOUTH EAST KENT ISLAMIC CULTURAL CENTRE,1201955,CT20 1HJ,1.1802,51.08227,activity,charity_register
THE GREATER LONDON MOSQUE,1200242,IG3 9XF,0.10596,51.56412,name,charity_register
PRESTON MUSLIM EDUCATION COUNCIL,1198128,PR1 7BH,-2.70948,53.76705,inferred,charity_register
AL HUDA MASJID,1198311,BD7 2AA,-1.77908,53.79119,name,charity_register
MASJID MUJADIDIA,1199141,B10 9DU,-1.84103,52.46933,name,charity_register
MILE END BENGALI MUSLIM COMMUNITY ASSOCIATION,1199395,E3 4TL,-0.03379,51.52336,inferred,charity_register
CHEAM MUSLIM WELFARE SERVICES LIMITED,1198897,SM2 7AZ,-0.21423,51.35469,inferred,charity_register
SOUTH OXFORDSHIRE MUSLIM ASSOCIATION,1200193,OX11 8RJ,-1.24127,51.60644,activity,charity_register
CRICKLEWOOD MUSLIM YOUTH TRUST,1201707,NW2 3HS,-0.21653,51.55747,inferred,charity_register
LONDON COLNEY ISLAMIC CENTRE,1199426,AL2 1JY,-0.29565,51.72418,inferred,charity_register
CADISHEAD & IRLAM ISLAMIC CENTRE,1199197,M44 5GQ,-2.43263,53.43208,inferred,charity_register
WESTEND EDUCATIONAL CENTRE AND MASJID AT-TAQWA,1199041,OL7 0AG,-2.11149,53.48501,name,charity_register
MASJID AR-RAHEEM,1201471,OL6 9QZ,-2.0801,53.49376,name,charity_register
COLLIER ROW MASJID,1199442,RM5 3UU,0.17276,51.60122,name,charity_register
QUWWAT-UL-ISLAM SOCIETY NEWHAM LONDON,1201384,E7 9LN,0.02578,51.54517,activity,charity_register
SHOREDITCH MASJID AND ISLAMIC CULTURAL CENTRE,1201689,E2 7DJ,-0.0743,51.52455,name,charity_register
AL-KARIMIA,1200668,OL8 1JR,-2.1125,53.53516,activity,charity_register
NOORUL ISLAM BLACKBURN,1202466,BB1 1TG,-2.46376,53.74499,inferred,charity_register
MASJID FATIMAH ZAHRA (R.A.),1200939,LE5 5JG,-1.10538,52.62625,name,charity_register
THE IQRA CENTRE,1201267,BD2 1NR,-1.74484,53.82016,activity,charity_register
DAIRATUL AMNI ISLAMIC WELFARE GROUP CIO,1202162,SE17 1RW,-0.09725,51.49146,activity,charity_register
SOUTHGATE MOSQUE AND COMMUNITY CENTRE LTD,1201327,N14 6BS,-0.1295,51.63041,name,charity_register
AL MADINA JAM-E MASJID,1201561,LS11 5JN,-1.54436,53.77582,name,charity_register
WINSFORD COMMUNITY CENTRE AND MASJID,1207332,CW7 2AP,-2.52285,53.19261,name,charity_register
West Leeds Jamia Masjid,1204572,LS12 3JG,-1.59846,53.7974,name,charity_register
HALL GREEN MOSQUE (HALL GREEN MUSLIM ASSOCIATION),1203770,B28 9EL,-1.83893,52.42735,name,charity_register
MASJID SALAHADDIN,1203666,WF13 1RB,-1.62785,53.69426,name,charity_register
ASSALAM CENTRE MAIDSTONE LTD,1203419,ME14 1EE,0.5279,51.27586,activity,charity_register
GAMBIA ISLAMIC COMMUNITY CENTRE,1203278,LS9 6DF,-1.51137,53.8075,activity,charity_register
SHAHPRAN CENTRAL CHADDERTON MOSQUE,1202591,OL9 6RP,-2.13344,53.54968,name,charity_register
CHINGFORD MOSQUE,1203134,E4 8SD,-0.01483,51.60583,name,charity_register
SEVENOAKS MASJID CENTRE,1203337,TN13 3LR,0.19348,51.28293,name,charity_register
CENTRAL JAMIA MOSQUE GHAMKOL SHARIF,1205036,B10 0DX,-1.85844,52.46589,name,charity_register
HAZRATH SHAJALAL CENTRAL MOSQUE SWINDON,1203107,SN1 2AF,-1.77953,51.56516,name,charity_register
HIND GROVE MASJID & CULTURAL CENTRE,1204802,E14 7DW,-0.02546,51.51293,name,charity_register
RAHMANIA MASJID & COMMUNITY CENTRE,1204005,B10 9AA,-1.85067,52.47327,name,charity_register
FAIZAN-E-MADINA JAMIA MASJID,1206121,PE27 5JN,-0.06856,52.32513,name,charity_register
MASJID ABU BAKR TINSLEY,1204077,S9 1WZ,-1.39722,53.41108,name,charity_register
NORFOLK MUSLIM COMMUNITY ASSOCIATION,1205465,NR5 8QJ,1.25718,52.63772,inferred,charity_register
MASJID UMAR CARDIFF,1204534,CF24 3PX,-3.16212,51.49271,name,charity_register
MASJID AL KHAIF ARMLEY,1204449,LS12 3DX,-1.60297,53.79576,name,charity_register
TAYBAH CHARITABLE TRUST,1204289,NG9 1LH,-1.20531,52.91829,activity,charity_register
SALAHADDIN MOSQUE PRESTON,1204357,PR1 5LS,-2.68644,53.76304,name,charity_register
Northeast Islamic Welfare Trust,1205134,TS5 7RX,-1.24921,54.55165,inferred,charity_register
AL HARAMAIN MOSQUE AND EDUCATION CENTRE,1204848,MK40 4NW,-0.48745,52.13091,name,charity_register
SHAHJALAL MOSQUE AND THE ISLAMIC CULTURAL CENTRE,1207285,NE4 6PR,-1.63992,54.97115,name,charity_register
BAITUL MAMUR MOSQUE TRUST,1205092,BN27 3DH,0.25601,50.8629,name,charity_register
AL NOOR MASJID AND EDUCATION TRUST,1205066,RM6 5PT,0.13614,51.58885,name,charity_register
SHAH JALAL MUSLIM CENTRE AND MASJID,1206256,UB7 8EA,-0.4715,51.51119,name,charity_register
EAST BIRMINGHAM CENTRAL MASJID,1207118,B33 9LU,-1.79236,52.48913,name,charity_register
MASJID AL ANSAAR BOLTON,1206316,BL3 6NR,-2.42787,53.5693,name,charity_register
THIRD HERITAGE FELLOWSHIP,1207258,PE1 2UF,-0.23805,52.58156,activity,charity_register
EID PRAYER AND FESTIVAL,1207093,LE2 6LU,-1.1312,52.60936,activity,charity_register
Heckmondwike Mosque Fund,1208163,WF16 9HZ,-1.67511,53.71119,name,charity_register
KURI PAK CHARITY ASSOCIATION,1207996,B11 4QU,-1.86455,52.4566,activity,charity_register
BUSHEY ISLAMIC CIRCLE,1208506,WD23 1TT,-0.36229,51.64341,inferred,charity_register
THE MUSLIM ASSOCIATION OF WREXHAM,1207880,LL11 1DN,-2.9974,53.04816,activity,charity_register
MASJID SILVERTOWN,1207969,E16 2EZ,0.04098,51.50074,name,charity_register
MADINA MOSQUE & ISLAMIC CENTRE,1213174,OL1 2HA,-2.12179,53.54962,name,charity_register
MASJID E-QUBA,1210248,PE1 4DN,-0.23415,52.58088,name,charity_register
MASJID QUBA TRUST,1209256,B20 2RA,-1.92059,52.51269,name,charity_register
SOUTH LONDON ISLAMIC FOUNDATION,1210387,SE23 2JF,-0.04362,51.43547,activity,charity_register
THE WYCOMBE HIVE,1218400,HP13 6DD,-0.73498,51.63755,activity,charity_register
HAMIYUDDEN HAMIYUSSUNNAH MASJID AND MADRASHA,1210216,SK14 5PL,-2.06922,53.44916,name,charity_register
PURFLEET COMMUNITY CENTRE AND MASJID,1210723,RM19 1QG,0.23221,51.48499,name,charity_register
MASJID UL-SAHABA & ISLAMIC CENTRE,1210227,E7 9QE,0.02446,51.53824,name,charity_register
DONCASTOR BILAL MOSQUE,1210258,DN4 8NJ,-1.14406,53.49865,name,charity_register
ALMUHSINOON ISLAMIC CENTRE,1210623,M40 7EG,-2.21041,53.48478,inferred,charity_register
BD5 MASJID,1211411,BD5 9PQ,-1.76481,53.77491,name,charity_register
KIDDERMINSTER MADANI MASJID & ISLAMIC EDUCATION CENTRE,1210705,DY10 2ES,-2.24518,52.3916,name,charity_register
IQBAL FOUNDATION,1211923,M7 1SN,-2.25232,53.49386,activity,charity_register
MASJID BILAL AND CENTRE BRISTOL,1213418,BS5 0NW,-2.5688,51.46669,name,charity_register
GANI ISLAMIC FOUNDATION,1213342,CR0 2NE,-0.09532,51.37811,inferred,charity_register
BRITISH ESTATE CULTURAL ASSOCIATION,1212105,E3 4PZ,-0.02602,51.52545,activity,charity_register
TAUNTON CENTRAL MASJID AND ISLAMIC CENTRE,1212592,TA1 4AR,-3.10719,51.01471,name,charity_register
BAITUL ISLAH FOUNDATION,1213257,E14 7BZ,-0.03588,51.51456,inferred,charity_register
JAMIA MASJID ANWAR-E-MUSTAPHA,1212659,S60 1JF,-1.36877,53.43136,name,charity_register
MADINA ISLAMIC CENTRE TRUST ROTHERHAM,1211952,S65 1PT,-1.34837,53.43604,activity,charity_register
BURGESS HILL MUSLIM COMMUNITY MOSQUE CIO,1213162,RH15 9AB,-0.13806,50.95724,name,charity_register
ALBANIAN MUSLIM COMMUNITY LONDON,1212790,E17 6SH,-0.03933,51.59113,inferred,charity_register
ELSTREE & BOREHAMWOOD ISLAMIC COMMUNITY,1212116,WD6 1JJ,-0.2654,51.6583,activity,charity_register
EAST HULL MASJID AND COMMUNITY CENTRE,1213110,HU9 4HL,-0.26304,53.76476,name,charity_register
MIDDLESBROUGH KURDISH ISLAMIC CENTRE,1213550,TS5 6JH,-1.24336,54.56177,activity,charity_register
RAWDAH ISLAMIC FOUNDATION,1213637,B33 8EF,-1.80471,52.48286,inferred,charity_register
ARABIC ISLAMIC CENTRE LIMITED,1214525,HA1 1ER,-0.3351,51.57934,inferred,charity_register
DURHAM MUSLIMS COMMUNITY,1212454,NE4 6UL,-1.64203,54.97266,activity,charity_register
THE ISLAMIC CENTRE LEICESTER,1212766,LE2 0JN,-1.12287,52.63155,inferred,charity_register
MASJID AS-SALAAM,1212793,SO15 2FQ,-1.41251,50.91265,name,charity_register
ALTON ISLAMIC CENTRE,1212899,GU34 1NP,-0.97791,51.1452,inferred,charity_register
ALDERSHOT ISLAMIC CENTRE,1214576,GU11 1BG,-0.76097,51.24915,inferred,charity_register
NOOR UL HUDA ROTHERHAM,1213555,S61 1DL,-1.38204,53.42879,inferred,charity_register
STROUD DISTRICT ISLAMIC CENTER,1213990,GL5 4BP,-2.25137,51.73964,activity,charity_register
SHER E RABBANI CENTER,1213377,M3 1EY,-2.24391,53.4909,activity,charity_register
AL ARKANI FOUNDATION,1215387,BD5 0XA,-1.7582,53.78463,activity,charity_register
SELLY PARK COMMUNITY MOSQUE,1215678,B29 7RP,-1.91906,52.43525,name,charity_register
SCUNTHORPE CENTRAL MOSQUE TRUST,1215677,DN15 7JP,-0.65446,53.59341,name,charity_register
MASJID ABU BAKR DEWSBURY,1216001,WF13 1PR,-1.62598,53.69362,name,charity_register
Edgware Road Mosque,1216424,NW1 5QT,-0.16593,51.51879,name,charity_register
DEEN COMMUNITY CENTRE WILLENHALL,1217478,WV12 5TT,-2.04509,52.60919,activity,charity_register
AL MAKKAH ISLAMIC CENTRE-MASJID SALAHUDDIN,1216230,WR5 1BE,-2.21141,52.19155,name,charity_register
JAMIUL ATIQ CHARITY UK,1217130,SW18 2SY,-0.1758,51.45625,activity,charity_register
MARKAZI JAMIA MASJID (DARNALL),1216219,S9 5FP,-1.41432,53.39044,name,charity_register
AALIYAH MOSQUE AND ISLAMIC CENTRE,1214976,S9 3LE,-1.43253,53.39142,name,charity_register
WALSALL MASJID AND DAWAH CENTRE,1217486,WS1 3NQ,-1.98199,52.58121,name,charity_register
KURDISH COMMUNITY MOSQUE,1217711,BD5 0DA,-1.75977,53.78906,name,charity_register
SHAJALAL MOSQUE,1215723,CW2 7EW,-2.44326,53.09373,name,charity_register
HAZRAT BELAL (RA) MASJID,1215748,ST6 3HB,-2.19285,53.04109,name,charity_register
MASJID BILAL PRESTWICH LTD,1218552,M25 0ER,-2.2605,53.52096,name,charity_register
MASJID IRSHAD,1217738,LU1 1UR,-0.45586,51.88531,name,charity_register
MKBW KEIGHLEY,1218459,BD20 0QE,-1.92707,53.90788,activity,charity_register
MASJID SALAAM BIRMINGHAM,1219113,B9 4UU,-1.85163,52.48249,name,charity_register
TAQWAH MOSQUE TRUST,1216548,SO14 0QF,-1.38772,50.91143,name,charity_register
