area_code,area_name,source_tier,n_muslim,n_christian,n_jewish,n_hindu,n_sikh,n_buddhist,n_total
E06000001,Hartlepool,osm,1,30,0,0,0,0,31
E06000002,Middlesbrough,osm,8,48,0,0,1,0,57
E06000003,Redcar and Cleveland,osm,2,53,0,0,0,0,55
E06000004,Stockton-on-Tees,osm,4,70,0,0,2,0,76
E06000005,Darlington,osm,1,50,1,0,1,1,54
E06000006,Halton,osm,0,53,0,0,0,1,54
E06000007,Warrington,osm,1,84,0,0,1,0,86
E06000008,Blackburn with Darwen,osm,17,57,0,0,0,0,74
E06000009,Blackpool,osm,1,46,1,0,0,0,48
E06000010,"Kingston upon Hull, City of",osm,5,78,1,0,1,0,85
E06000011,East Riding of Yorkshire,osm,0,288,2,0,0,1,291
E06000012,North East Lincolnshire,osm,1,61,0,0,0,0,62
E06000013,North Lincolnshire,osm,0,97,1,1,1,1,101
E06000014,York,osm,0,108,0,0,0,1,109
E06000015,Derby,osm,8,109,0,2,5,0,124
E06000016,Leicester,osm,67,118,2,16,8,1,212
E06000017,Rutland,osm,0,62,0,0,0,0,62
E06000018,Nottingham,osm,30,142,3,4,7,1,187
E06000019,"Herefordshire, County of",osm,0,296,0,0,0,1,297
E06000020,Telford and Wrekin,osm,2,73,0,0,3,0,78
E06000021,Stoke-on-Trent,osm,7,103,0,1,1,0,112
E06000022,Bath and North East Somerset,osm,1,152,0,1,0,0,154
E06000023,"Bristol, City of",osm,13,214,2,1,4,4,238
E06000024,North Somerset,osm,0,120,0,0,0,0,120
E06000025,South Gloucestershire,osm,1,156,0,0,0,0,157
E06000026,Plymouth,osm,1,85,1,0,0,1,88
E06000027,Torbay,osm,0,52,0,0,0,0,52
E06000030,Swindon,osm,4,83,0,0,2,0,89
E06000031,Peterborough,osm,8,77,0,0,1,1,87
E06000032,Luton,osm,26,82,1,2,2,0,113
E06000033,Southend-on-Sea,osm,3,66,3,0,0,0,72
E06000034,Thurrock,osm,2,54,0,0,0,0,56
E06000035,Medway,osm,4,91,1,1,3,0,100
E06000036,Bracknell Forest,osm,0,32,0,0,0,0,32
E06000037,West Berkshire,osm,1,110,0,0,0,0,111
E06000038,Reading,osm,9,75,2,1,1,2,90
E06000039,Slough,osm,4,35,0,1,4,0,44
E06000040,Windsor and Maidenhead,osm,2,84,1,0,1,0,88
E06000041,Wokingham,osm,1,50,0,0,1,0,52
E06000042,Milton Keynes,osm,5,101,0,1,3,2,112
E06000043,Brighton and Hove,osm,5,106,5,1,0,1,118
E06000044,Portsmouth,osm,4,67,1,0,0,0,72
E06000045,Southampton,osm,9,96,1,1,2,0,109
E06000046,Isle of Wight,osm,1,119,0,0,0,0,120
E06000047,County Durham,osm,1,344,0,0,0,0,345
E06000049,Cheshire East,osm,1,224,0,0,0,0,225
E06000050,Cheshire West and Chester,osm,3,199,0,0,0,1,203
E06000051,Shropshire,osm,2,390,0,0,0,0,392
E06000052,Cornwall,osm,0,544,0,0,0,0,544
E06000053,Isles of Scilly,osm,0,9,0,0,0,0,9
E06000054,Wiltshire,osm,2,470,0,0,0,2,474
E06000055,Bedford,osm,9,128,0,2,4,0,143
E06000056,Central Bedfordshire,osm,1,181,0,0,0,0,182
E06000057,Northumberland,osm,0,265,0,0,0,1,266
E06000058,"Bournemouth, Christchurch and Poole",osm,3,158,2,0,0,0,163
E06000059,Dorset,osm,1,407,0,0,0,0,408
E06000060,Buckinghamshire,osm,11,347,0,2,1,5,366
E06000061,North Northamptonshire,osm,4,259,0,2,1,0,266
E06000062,West Northamptonshire,osm,5,305,1,1,3,2,317
E06000063,Cumberland,osm,0,272,0,0,0,1,273
E06000064,Westmorland and Furness,osm,1,297,0,0,0,1,299
E06000065,North Yorkshire,osm,3,787,1,0,0,2,793
E06000066,Somerset,osm,3,585,0,0,0,0,588
E07000008,Cambridge,osm,7,94,2,0,1,1,105
E07000009,East Cambridgeshire,osm,1,78,0,0,0,0,79
E07000010,Fenland,osm,0,56,0,0,0,0,56
E07000011,Huntingdonshire,osm,3,136,0,0,0,0,139
E07000012,South Cambridgeshire,osm,0,151,0,0,0,0,151
E07000032,Amber Valley,osm,0,88,0,0,0,0,88
E07000033,Bolsover,osm,0,35,0,0,0,0,35
E07000034,Chesterfield,osm,1,41,0,0,0,0,42
E07000035,Derbyshire Dales,osm,0,132,0,0,0,0,132
E07000036,Erewash,osm,1,56,0,0,0,0,57
E07000037,High Peak,osm,0,70,0,0,0,0,70
E07000038,North East Derbyshire,osm,0,64,0,0,0,0,64
E07000039,South Derbyshire,osm,0,74,0,0,0,2,76
E07000040,East Devon,osm,0,142,0,0,0,0,142
E07000041,Exeter,osm,1,66,1,0,0,1,69
E07000042,Mid Devon,osm,0,126,0,0,0,0,126
E07000043,North Devon,osm,0,129,0,0,0,0,129
E07000044,South Hams,osm,0,106,0,0,0,1,107
E07000045,Teignbridge,osm,0,114,0,0,0,0,114
E07000046,Torridge,osm,0,95,0,0,0,0,95
E07000047,West Devon,osm,0,93,0,0,0,0,93
E07000061,Eastbourne,osm,1,31,0,0,0,0,32
E07000062,Hastings,osm,1,39,0,0,0,0,40
E07000063,Lewes,osm,1,65,0,0,0,0,66
E07000064,Rother,osm,1,76,0,0,0,1,78
E07000065,Wealden,osm,1,118,0,0,0,0,119
E07000066,Basildon,osm,1,53,0,1,0,0,55
E07000067,Braintree,osm,1,108,0,0,0,0,109
E07000068,Brentwood,osm,1,55,0,0,0,0,56
E07000069,Castle Point,osm,0,14,0,0,0,0,14
E07000070,Chelmsford,osm,3,97,0,0,0,0,100
E07000071,Colchester,osm,2,103,0,0,0,1,106
E07000072,Epping Forest,osm,2,72,3,1,0,1,79
E07000073,Harlow,osm,0,29,1,0,0,0,30
E07000074,Maldon,osm,1,53,0,0,0,0,54
E07000075,Rochford,osm,0,32,0,0,0,0,32
E07000076,Tendring,osm,1,81,0,0,0,0,82
E07000077,Uttlesford,osm,0,93,0,0,0,1,94
E07000078,Cheltenham,osm,2,56,1,0,0,1,60
E07000079,Cotswold,osm,0,159,0,0,0,0,159
E07000080,Forest of Dean,osm,0,84,0,0,0,0,84
E07000081,Gloucester,osm,3,58,0,0,0,0,61
E07000082,Stroud,osm,0,126,0,0,0,0,126
E07000083,Tewkesbury,osm,0,74,0,0,0,0,74
E07000084,Basingstoke and Deane,osm,1,107,0,0,0,0,108
E07000085,East Hampshire,osm,0,87,0,0,0,0,87
E07000086,Eastleigh,osm,0,47,0,0,0,0,47
E07000087,Fareham,osm,0,26,0,0,0,0,26
E07000088,Gosport,osm,0,24,0,0,0,0,24
E07000089,Hart,osm,0,43,0,0,0,0,43
E07000090,Havant,osm,0,40,0,0,0,0,40
E07000091,New Forest,osm,0,109,0,0,0,0,109
E07000092,Rushmoor,osm,1,33,0,1,0,1,36
E07000093,Test Valley,osm,0,92,0,0,0,0,92
E07000094,Winchester,osm,2,111,0,0,0,0,113
E07000095,Broxbourne,osm,0,22,0,0,0,0,22
E07000096,Dacorum,osm,1,71,0,0,0,2,74
E07000098,Hertsmere,osm,1,32,7,1,0,0,41
E07000099,North Hertfordshire,osm,1,84,1,0,5,1,92
E07000102,Three Rivers,osm,0,25,0,0,0,0,25
E07000103,Watford,osm,3,39,1,1,1,0,45
E07000105,Ashford,osm,0,88,0,0,0,0,88
E07000106,Canterbury,osm,2,92,0,0,0,1,95
E07000107,Dartford,osm,1,36,0,0,1,1,39
E07000108,Dover,osm,1,83,0,0,0,0,84
E07000109,Gravesham,osm,1,48,0,0,2,0,51
E07000110,Maidstone,osm,0,77,0,0,0,0,77
E07000111,Sevenoaks,osm,1,85,0,1,0,0,87
E07000112,Folkestone and Hythe,osm,0,74,0,1,0,0,75
E07000113,Swale,osm,2,82,0,0,0,0,84
E07000114,Thanet,osm,1,66,3,0,0,0,70
E07000115,Tonbridge and Malling,osm,0,59,0,0,0,0,59
E07000116,Tunbridge Wells,osm,0,75,0,0,0,0,75
E07000117,Burnley,osm,1,29,0,0,0,0,30
E07000118,Chorley,osm,1,55,0,0,0,0,56
E07000119,Fylde,osm,0,42,1,0,0,0,43
E07000120,Hyndburn,osm,3,32,0,0,0,0,35
E07000121,Lancaster,osm,3,101,0,0,0,0,104
E07000122,Pendle,osm,8,42,0,0,0,0,50
E07000123,Preston,osm,8,70,0,1,0,0,79
E07000124,Ribble Valley,osm,0,60,0,0,0,0,60
E07000125,Rossendale,osm,1,25,0,0,0,0,26
E07000126,South Ribble,osm,0,39,0,0,0,0,39
E07000127,West Lancashire,osm,0,49,0,0,0,0,49
E07000128,Wyre,osm,0,66,0,0,0,0,66
E07000129,Blaby,osm,0,47,0,0,0,1,48
E07000130,Charnwood,osm,2,90,0,3,0,1,96
E07000131,Harborough,osm,0,107,0,0,0,0,107
E07000132,Hinckley and Bosworth,osm,2,72,0,0,0,0,74
E07000133,Melton,osm,0,77,0,0,0,0,77
E07000134,North West Leicestershire,osm,0,67,0,0,0,0,67
E07000135,Oadby and Wigston,osm,2,19,0,0,1,0,22
E07000136,Boston,osm,2,41,0,0,0,0,43
E07000137,East Lindsey,osm,1,251,0,0,0,0,252
E07000138,Lincoln,osm,3,48,0,0,0,0,51
E07000139,North Kesteven,osm,0,112,0,0,0,0,112
E07000140,South Holland,osm,0,62,0,0,0,0,62
E07000141,South Kesteven,osm,1,141,0,0,0,0,142
E07000142,West Lindsey,osm,0,141,0,0,0,0,141
E07000143,Breckland,osm,1,186,0,0,0,1,188
E07000144,Broadland,osm,0,109,0,1,0,0,110
E07000145,Great Yarmouth,osm,1,58,0,0,0,0,59
E07000146,King's Lynn and West Norfolk,osm,1,156,0,0,0,0,157
E07000147,North Norfolk,osm,0,214,0,0,0,0,214
E07000148,Norwich,osm,5,80,2,0,1,0,88
E07000149,South Norfolk,osm,2,189,0,0,0,0,191
E07000170,Ashfield,osm,0,43,0,0,0,0,43
E07000171,Bassetlaw,osm,0,75,0,0,0,0,75
E07000172,Broxtowe,osm,2,46,0,1,0,0,49
E07000173,Gedling,osm,0,59,0,0,0,0,59
E07000174,Mansfield,osm,1,34,0,0,0,0,35
E07000175,Newark and Sherwood,osm,0,107,0,0,0,0,107
E07000176,Rushcliffe,osm,0,89,0,0,0,0,89
E07000177,Cherwell,osm,3,124,0,0,1,0,128
E07000178,Oxford,osm,7,125,3,1,0,2,138
E07000179,South Oxfordshire,osm,0,142,0,0,0,0,142
E07000180,Vale of White Horse,osm,0,121,0,0,0,0,121
E07000181,West Oxfordshire,osm,2,129,0,0,0,0,131
E07000192,Cannock Chase,osm,0,28,0,0,0,0,28
E07000193,East Staffordshire,osm,2,70,0,0,0,0,72
E07000194,Lichfield,osm,0,58,0,0,0,2,60
E07000195,Newcastle-under-Lyme,osm,2,75,1,0,0,0,78
E07000196,South Staffordshire,osm,0,50,0,0,0,0,50
E07000197,Stafford,osm,0,96,0,0,1,0,97
E07000198,Staffordshire Moorlands,osm,0,94,0,0,0,0,94
E07000199,Tamworth,osm,0,20,0,0,0,0,20
E07000200,Babergh,osm,0,115,0,0,0,0,115
E07000202,Ipswich,osm,1,71,0,1,1,0,74
E07000203,Mid Suffolk,osm,0,167,0,0,0,0,167
E07000207,Elmbridge,osm,0,44,0,0,0,1,45
E07000208,Epsom and Ewell,osm,1,20,0,0,0,0,21
E07000209,Guildford,osm,1,83,1,0,0,0,85
E07000210,Mole Valley,osm,1,50,0,0,0,0,51
E07000211,Reigate and Banstead,osm,3,67,0,0,0,0,70
E07000212,Runnymede,osm,2,28,0,0,0,0,30
E07000213,Spelthorne,osm,1,27,1,0,0,0,29
E07000214,Surrey Heath,osm,1,32,0,0,0,0,33
E07000215,Tandridge,osm,0,56,0,0,0,0,56
E07000216,Waverley,osm,1,90,0,0,0,0,91
E07000217,Woking,osm,2,35,0,0,0,1,38
E07000218,North Warwickshire,osm,0,47,0,0,0,0,47
E07000219,Nuneaton and Bedworth,osm,1,35,0,1,3,0,40
E07000220,Rugby,osm,1,75,0,0,1,0,77
E07000221,Stratford-on-Avon,osm,0,156,0,0,0,1,157
E07000222,Warwick,osm,2,82,0,1,2,0,87
E07000223,Adur,osm,0,25,0,0,0,0,25
E07000224,Arun,osm,1,69,0,0,0,0,70
E07000225,Chichester,osm,0,125,0,0,0,1,126
E07000226,Crawley,osm,3,31,0,1,1,0,36
E07000227,Horsham,osm,1,85,0,2,1,0,89
E07000228,Mid Sussex,osm,2,70,0,0,0,0,72
E07000229,Worthing,osm,1,41,0,0,0,0,42
E07000234,Bromsgrove,osm,0,49,0,0,0,0,49
E07000235,Malvern Hills,osm,0,111,0,0,0,1,112
E07000236,Redditch,osm,2,25,0,0,0,0,27
E07000237,Worcester,osm,4,45,0,0,0,0,49
E07000238,Wychavon,osm,0,130,0,0,0,0,130
E07000239,Wyre Forest,osm,2,67,0,0,0,0,69
E07000240,St Albans,osm,3,67,1,0,0,0,71
E07000241,Welwyn Hatfield,osm,1,56,1,0,0,0,58
E07000242,East Hertfordshire,osm,0,88,0,0,0,0,88
E07000243,Stevenage,osm,1,20,0,0,0,0,21
E07000244,East Suffolk,osm,0,274,0,0,0,0,274
E07000245,West Suffolk,osm,2,173,0,0,0,0,175
E08000001,Bolton,osm,22,122,0,4,0,1,149
E08000002,Bury,osm,1,67,9,0,0,0,77
E08000003,Manchester,osm,38,213,3,3,2,4,263
E08000004,Oldham,osm,32,106,0,2,0,0,140
E08000005,Rochdale,osm,6,73,0,0,0,0,79
E08000006,Salford,osm,1,76,7,0,1,0,85
E08000007,Stockport,osm,4,95,2,0,0,1,102
E08000008,Tameside,osm,3,74,0,0,0,0,77
E08000009,Trafford,osm,4,87,1,0,1,1,94
E08000010,Wigan,osm,3,125,0,0,0,0,128
E08000011,Knowsley,osm,1,36,0,0,0,0,37
E08000012,Liverpool,osm,6,199,4,1,0,1,211
E08000013,St. Helens,osm,1,63,0,0,0,0,64
E08000014,Sefton,osm,0,132,0,0,0,0,132
E08000015,Wirral,osm,1,135,0,0,0,0,136
E08000016,Barnsley,osm,1,93,0,0,0,0,94
E08000017,Doncaster,osm,3,106,0,0,3,0,112
E08000018,Rotherham,osm,11,75,0,0,0,0,86
E08000019,Sheffield,osm,38,234,2,0,1,2,277
E08000021,Newcastle upon Tyne,osm,9,118,0,1,3,1,132
E08000022,North Tyneside,osm,3,72,1,0,0,0,76
E08000023,South Tyneside,osm,2,58,0,0,1,1,62
E08000024,Sunderland,osm,3,113,1,0,1,0,118
E08000025,Birmingham,osm,88,458,3,5,16,5,575
E08000026,Coventry,osm,5,111,0,7,8,0,131
E08000027,Dudley,osm,5,118,0,2,2,1,128
E08000028,Sandwell,osm,13,162,0,6,9,0,190
E08000029,Solihull,osm,5,53,1,0,0,0,59
E08000030,Walsall,osm,16,97,0,3,5,0,121
E08000031,Wolverhampton,osm,5,80,0,2,8,1,96
E08000032,Bradford,osm,118,202,1,1,4,0,326
E08000033,Calderdale,osm,13,105,0,0,0,0,118
E08000034,Kirklees,osm,73,205,0,0,2,1,281
E08000035,Leeds,osm,28,321,5,2,4,4,364
E08000036,Wakefield,osm,7,131,0,0,0,0,138
E08000037,Gateshead,osm,1,94,5,0,0,0,100
E09000001,City of London,osm,0,42,0,0,0,0,42
E09000002,Barking and Dagenham,osm,5,60,0,0,1,0,66
E09000003,Barnet,osm,5,105,36,2,0,0,148
E09000004,Bexley,osm,2,70,0,0,1,0,73
E09000005,Brent,osm,13,84,3,8,0,3,111
E09000006,Bromley,osm,1,115,1,0,0,0,117
E09000007,Camden,osm,5,83,5,0,0,0,93
E09000008,Croydon,osm,5,124,2,0,1,1,133
E09000009,Ealing,osm,8,92,1,6,10,1,118
E09000010,Enfield,osm,3,72,5,0,1,0,81
E09000011,Greenwich,osm,1,79,0,1,1,0,82
E09000012,Hackney,osm,10,90,11,0,0,0,111
E09000013,Hammersmith and Fulham,osm,5,55,0,0,0,0,60
E09000014,Haringey,osm,5,84,2,2,0,0,93
E09000015,Harrow,osm,3,60,7,5,0,1,76
E09000016,Havering,osm,1,82,1,0,0,0,84
E09000017,Hillingdon,osm,8,67,1,0,0,0,76
E09000018,Hounslow,osm,13,74,1,0,1,1,90
E09000019,Islington,osm,7,75,0,0,0,2,84
E09000020,Kensington and Chelsea,osm,2,63,2,0,1,0,68
E09000021,Kingston upon Thames,osm,1,42,0,0,1,0,44
E09000022,Lambeth,osm,7,114,0,2,0,1,124
E09000023,Lewisham,osm,2,102,1,2,0,0,107
E09000024,Merton,osm,6,62,0,3,0,2,73
E09000025,Newham,osm,33,106,1,6,6,1,153
E09000026,Redbridge,osm,8,76,7,3,1,1,96
E09000027,Richmond upon Thames,osm,0,79,1,0,0,0,80
E09000028,Southwark,osm,9,138,0,0,1,1,149
E09000029,Sutton,osm,1,63,1,0,0,0,65
E09000030,Tower Hamlets,osm,30,71,4,1,2,1,109
E09000031,Waltham Forest,osm,17,103,2,3,1,0,126
E09000032,Wandsworth,osm,8,97,0,2,1,1,109
E09000033,Westminster,osm,10,108,7,1,0,3,129
W06000001,Isle of Anglesey,osm,0,162,0,0,0,0,162
W06000002,Gwynedd,osm,0,286,0,0,0,0,286
W06000003,Conwy,osm,0,167,0,0,0,0,167
W06000004,Denbighshire,osm,4,144,0,0,0,0,148
W06000005,Flintshire,osm,0,130,0,0,0,0,130
W06000006,Wrexham,osm,1,95,0,0,0,0,96
W06000008,Ceredigion,osm,3,183,0,0,0,0,186
W06000009,Pembrokeshire,osm,1,211,0,0,0,0,212
W06000010,Carmarthenshire,osm,0,270,0,3,0,0,273
W06000011,Swansea,osm,5,165,0,0,0,1,171
W06000012,Neath Port Talbot,osm,0,107,0,0,0,0,107
W06000013,Bridgend,osm,0,82,0,0,0,0,82
W06000014,Vale of Glamorgan,osm,0,94,0,0,0,0,94
W06000015,Cardiff,osm,13,150,2,2,3,1,171
W06000016,Rhondda Cynon Taf,osm,1,112,0,0,0,0,113
W06000018,Caerphilly,osm,0,106,0,0,0,0,106
W06000019,Blaenau Gwent,osm,0,44,0,0,0,0,44
W06000020,Torfaen,osm,0,38,0,0,0,0,38
W06000021,Monmouthshire,osm,0,130,0,0,0,0,130
W06000022,Newport,osm,10,88,1,0,0,0,99
W06000023,Powys,osm,0,297,0,0,0,0,297
W06000024,Merthyr Tydfil,osm,0,32,0,0,0,0,32
