area_code,area_name,faith_category,population,not_answered,respondents,nonresponse_pct,count,share_all_pct,share_resp_pct,per_10k_resp,population_2011,count_2011,share_resp_2011_pct,change_pp,change_rel_pct,rate_suppressed
E06000001,Hartlepool,Muslim,92338,4755,87583,5.15,1213,1.314,1.385,138.5,92028,689,0.8,0.585,76.1,
E06000002,Middlesbrough,Muslim,143924,7683,136241,5.338,14703,10.216,10.792,1079.2,138412,9757,7.512,3.28,50.7,
E06000003,Redcar and Cleveland,Muslim,136529,7248,129281,5.309,984,0.721,0.761,76.1,135177,598,0.473,0.288,64.5,
E06000004,Stockton-on-Tees,Muslim,196595,9924,186671,5.048,6675,3.395,3.576,357.6,191610,4143,2.302,1.274,61.1,
E06000005,Darlington,Muslim,107799,5296,102503,4.913,1849,1.715,1.804,180.4,105564,971,0.982,0.822,90.4,
E06000006,Halton,Muslim,128478,5946,122532,4.628,805,0.627,0.657,65.7,125746,267,0.224,0.433,201.5,
E06000007,Warrington,Muslim,210974,11034,199940,5.23,3686,1.747,1.844,184.4,202228,2097,1.101,0.743,75.8,
E06000008,Blackburn with Darwen,Muslim,154739,7711,147028,4.983,54146,34.992,36.827,3682.7,147489,39817,28.608,8.219,36.0,
E06000009,Blackpool,Muslim,141036,7468,133568,5.295,2004,1.421,1.5,150.0,142065,1061,0.798,0.702,88.9,
E06000010,"Kingston upon Hull, City of",Muslim,267016,16957,250059,6.351,9285,3.477,3.713,371.3,256406,5447,2.289,1.424,70.5,
E06000011,East Riding of Yorkshire,Muslim,342216,20560,321656,6.008,1966,0.574,0.611,61.1,334179,1309,0.423,0.188,50.2,
E06000012,North East Lincolnshire,Muslim,156968,9218,147750,5.873,1922,1.224,1.301,130.1,159616,1332,0.899,0.402,44.3,
E06000013,North Lincolnshire,Muslim,169680,9390,160290,5.534,4201,2.476,2.621,262.1,167446,3024,1.944,0.677,38.9,
E06000014,York,Muslim,202820,13930,188890,6.868,2488,1.227,1.317,131.7,198051,2072,1.134,0.183,20.1,
E06000015,Derby,Muslim,261364,16517,244847,6.32,29137,11.148,11.9,1190.0,248752,19006,8.199,3.701,53.3,
E06000016,Leicester,Muslim,368574,20509,348065,5.564,86443,23.453,24.835,2483.5,329839,61440,19.724,5.111,40.7,
E06000017,Rutland,Muslim,41052,2231,38821,5.435,258,0.628,0.665,66.5,37369,131,0.377,0.288,96.9,
E06000018,Nottingham,Muslim,323630,24099,299531,7.446,39540,12.218,13.201,1320.1,305680,26919,9.529,3.672,46.9,
E06000019,"Herefordshire, County of",Muslim,187034,12962,174072,6.93,790,0.422,0.454,45.4,183477,364,0.216,0.238,117.0,
E06000020,Telford and Wrekin,Muslim,185542,10448,175094,5.631,5043,2.718,2.88,288.0,166641,3019,1.939,0.941,67.0,
E06000021,Stoke-on-Trent,Muslim,258369,14710,243659,5.693,23790,9.208,9.764,976.4,249008,14993,6.433,3.331,58.7,
E06000022,Bath and North East Somerset,Muslim,193414,13930,179484,7.202,1909,0.987,1.064,106.4,176016,1179,0.732,0.332,61.9,
E06000023,"Bristol, City of",Muslim,472465,32423,440042,6.863,31776,6.726,7.221,722.1,428234,22016,5.596,1.625,44.3,
E06000024,North Somerset,Muslim,216729,13696,203033,6.319,1346,0.621,0.663,66.3,202566,869,0.464,0.199,54.9,
E06000025,South Gloucestershire,Muslim,290425,17492,272933,6.023,4720,1.625,1.729,172.9,262767,2176,0.894,0.835,116.9,
E06000026,Plymouth,Muslim,264695,15695,249000,5.929,3474,1.312,1.395,139.5,256384,2078,0.872,0.523,67.2,
E06000027,Torbay,Muslim,139324,8771,130553,6.295,788,0.566,0.604,60.4,130959,521,0.431,0.173,51.2,
E06000030,Swindon,Muslim,233410,13105,220305,5.615,6310,2.703,2.864,286.4,209156,3538,1.816,1.048,78.3,
E06000031,Peterborough,Muslim,215673,12604,203069,5.844,26239,12.166,12.921,1292.1,183631,17251,10.068,2.853,52.1,
E06000032,Luton,Muslim,225260,13697,211563,6.081,74191,32.936,35.068,3506.8,203201,49991,26.197,8.871,48.4,
E06000033,Southend-on-Sea,Muslim,180686,10756,169930,5.953,5461,3.022,3.214,321.4,173658,3309,2.067,1.147,65.0,
E06000034,Thurrock,Muslim,176000,9196,166804,5.225,8586,4.878,5.147,514.7,157705,3164,2.141,3.006,171.4,
E06000035,Medway,Muslim,279771,15273,264498,5.459,7636,2.729,2.887,288.7,263925,5169,2.102,0.785,47.7,
E06000036,Bracknell Forest,Muslim,124607,6981,117626,5.602,2216,1.778,1.884,188.4,113205,1276,1.207,0.677,73.7,
E06000037,West Berkshire,Muslim,161448,9891,151557,6.126,2107,1.305,1.39,139.0,153822,1218,0.853,0.537,73.0,
E06000038,Reading,Muslim,174226,12062,162164,6.923,15481,8.886,9.547,954.7,155698,11007,7.626,1.921,40.6,
E06000039,Slough,Muslim,158500,8544,149956,5.391,46661,29.439,31.116,3111.6,140205,32655,24.692,6.424,42.9,
E06000040,Windsor and Maidenhead,Muslim,153496,9426,144070,6.141,8607,5.607,5.974,597.4,144560,5684,4.227,1.747,51.4,
E06000041,Wokingham,Muslim,177505,10544,166961,5.94,8597,4.843,5.149,514.9,154380,4352,3.04,2.109,97.5,
E06000042,Milton Keynes,Muslim,287060,16473,270587,5.739,20484,7.136,7.57,757.0,248821,11913,5.126,2.444,71.9,
E06000043,Brighton and Hove,Muslim,277103,19760,257343,7.131,8500,3.067,3.303,330.3,273369,6095,2.445,0.858,39.5,
E06000044,Portsmouth,Muslim,208004,13413,194591,6.448,10174,4.891,5.228,522.8,205056,7162,3.766,1.462,42.1,
E06000045,Southampton,Muslim,248922,16412,232510,6.593,13893,5.581,5.975,597.5,236882,9903,4.498,1.477,40.3,
E06000046,Isle of Wight,Muslim,140460,9099,131361,6.478,593,0.422,0.451,45.1,138265,524,0.413,0.038,13.2,
E06000047,County Durham,Muslim,522067,26687,495380,5.112,2922,0.56,0.59,59.0,513242,1934,0.401,0.189,51.1,
E06000049,Cheshire East,Muslim,398770,21815,376955,5.471,4140,1.038,1.098,109.8,370127,2438,0.706,0.392,69.8,
E06000050,Cheshire West and Chester,Muslim,357150,19512,337638,5.463,3506,0.982,1.038,103.8,329608,1686,0.547,0.491,107.9,
E06000051,Shropshire,Muslim,323604,18931,304673,5.85,1708,0.528,0.561,56.1,306129,989,0.349,0.212,72.7,
E06000052,Cornwall,Muslim,570305,38134,532171,6.687,1333,0.234,0.25,25.0,532273,855,0.176,0.074,55.9,
E06000053,Isles of Scilly,Muslim,2054,125,1929,6.086,0,0.0,0.0,0.0,2203,3,0.151,-0.151,-100.0,small population
E06000054,Wiltshire,Muslim,510334,30709,479625,6.017,3508,0.687,0.731,73.1,470981,2074,0.477,0.254,69.1,
E06000055,Bedford,Muslim,185225,10711,174514,5.783,13059,7.05,7.483,748.3,157479,8610,5.852,1.631,51.7,
E06000056,Central Bedfordshire,Muslim,294252,15971,278281,5.428,3965,1.347,1.425,142.5,254381,1931,0.814,0.611,105.3,
E06000057,Northumberland,Muslim,320564,16181,304383,5.048,1635,0.51,0.537,53.7,316028,1018,0.344,0.193,60.6,
E06000058,"Bournemouth, Christchurch and Poole",Muslim,400192,27572,372620,6.89,6645,1.66,1.783,178.3,378888,4445,1.271,0.512,49.5,
E06000059,Dorset,Muslim,379579,24816,354763,6.538,1562,0.412,0.44,44.0,365153,1172,0.349,0.091,33.3,
E06000060,Buckinghamshire,Muslim,553076,33275,519801,6.016,38740,7.004,7.453,745.3,505283,25781,5.495,1.958,50.3,
E06000061,North Northamptonshire,Muslim,359525,20212,339313,5.622,4373,1.216,1.289,128.9,316851,2569,0.869,0.42,70.2,
E06000062,West Northamptonshire,Muslim,425725,26154,399571,6.143,14694,3.452,3.677,367.7,375101,9535,2.728,0.949,54.1,
E06000063,Cumberland,Muslim,273251,15384,257867,5.63,1384,0.506,0.537,53.7,274549,874,0.34,0.197,58.4,
E06000064,Westmorland and Furness,Muslim,226591,13765,212826,6.075,799,0.353,0.375,37.5,225309,462,0.221,0.154,72.9,
E06000065,North Yorkshire,Muslim,615493,35758,579735,5.81,2984,0.485,0.515,51.5,598376,2146,0.386,0.129,39.0,
E06000066,Somerset,Muslim,571548,37379,534169,6.54,2600,0.455,0.487,48.7,529972,1470,0.301,0.186,76.9,
E07000008,Cambridge,Muslim,145672,14315,131357,9.827,7392,5.074,5.627,562.7,123867,4897,4.346,1.281,50.9,
E07000009,East Cambridgeshire,Muslim,87763,5560,82203,6.335,552,0.629,0.672,67.2,83818,369,0.478,0.194,49.6,
E07000010,Fenland,Muslim,102459,6340,96119,6.188,682,0.666,0.71,71.0,95262,395,0.447,0.263,72.7,
E07000011,Huntingdonshire,Muslim,180832,10466,170366,5.788,2583,1.428,1.516,151.6,169508,1865,1.186,0.33,38.5,
E07000012,South Cambridgeshire,Muslim,162116,10840,151276,6.687,2744,1.693,1.814,181.4,148755,1464,1.072,0.742,87.4,
E07000032,Amber Valley,Muslim,126203,7264,118939,5.756,350,0.277,0.294,29.4,122309,188,0.166,0.128,86.2,
E07000033,Bolsover,Muslim,80272,4517,75755,5.627,252,0.314,0.333,33.3,75866,146,0.207,0.126,72.6,
E07000034,Chesterfield,Muslim,103570,5775,97795,5.576,980,0.946,1.002,100.2,103788,699,0.727,0.275,40.2,
E07000035,Derbyshire Dales,Muslim,71538,4156,67382,5.809,259,0.362,0.384,38.4,71116,142,0.215,0.169,82.4,
E07000036,Erewash,Muslim,112905,6201,106704,5.492,500,0.443,0.469,46.9,112081,258,0.247,0.222,93.8,
E07000037,High Peak,Muslim,90935,5210,85725,5.729,239,0.263,0.279,27.9,90892,178,0.211,0.068,34.3,
E07000038,North East Derbyshire,Muslim,102000,5650,96350,5.539,302,0.296,0.313,31.3,99023,268,0.291,0.022,12.7,
E07000039,South Derbyshire,Muslim,107208,5874,101334,5.479,775,0.723,0.765,76.5,94611,331,0.374,0.391,134.1,
E07000040,East Devon,Muslim,150828,9857,140971,6.535,515,0.341,0.365,36.5,132457,229,0.188,0.177,124.9,
E07000041,Exeter,Muslim,130709,9627,121082,7.365,2815,2.154,2.325,232.5,117773,1855,1.714,0.611,51.8,
E07000042,Mid Devon,Muslim,82853,5249,77604,6.335,137,0.165,0.177,17.7,77750,112,0.157,0.02,22.3,
E07000043,North Devon,Muslim,98611,6450,92161,6.541,431,0.437,0.468,46.8,93667,281,0.328,0.14,53.4,
E07000044,South Hams,Muslim,88626,5774,82852,6.515,295,0.333,0.356,35.6,83140,201,0.265,0.091,46.8,
E07000045,Teignbridge,Muslim,134803,8629,126174,6.401,390,0.289,0.309,30.9,124220,231,0.203,0.106,68.8,
E07000046,Torridge,Muslim,68115,4539,63576,6.664,108,0.159,0.17,17.0,63839,92,0.158,0.012,17.4,
E07000047,West Devon,Muslim,57096,3717,53379,6.51,142,0.249,0.266,26.6,53553,90,0.184,0.082,57.8,
E07000061,Eastbourne,Muslim,101686,6768,94918,6.656,2265,2.227,2.386,238.6,99412,1458,1.594,0.792,55.3,
E07000062,Hastings,Muslim,90995,5996,84999,6.589,1767,1.942,2.079,207.9,90254,1159,1.4,0.679,52.5,
E07000063,Lewes,Muslim,99902,6302,93600,6.308,841,0.842,0.899,89.9,97502,558,0.624,0.275,50.7,
E07000064,Rother,Muslim,93109,6123,86986,6.576,517,0.555,0.594,59.4,90588,460,0.553,0.041,12.4,
E07000065,Wealden,Muslim,160151,10149,150002,6.337,804,0.502,0.536,53.6,148915,566,0.413,0.123,42.0,
E07000066,Basildon,Muslim,187571,9798,177773,5.224,3381,1.803,1.902,190.2,174497,1622,0.997,0.905,108.4,
E07000067,Braintree,Muslim,155268,9190,146078,5.919,1019,0.656,0.698,69.8,147084,685,0.502,0.196,48.8,
E07000068,Brentwood,Muslim,77047,4334,72713,5.625,1221,1.585,1.679,167.9,73601,649,0.949,0.73,88.1,
E07000069,Castle Point,Muslim,89586,4592,84994,5.126,712,0.795,0.838,83.8,88011,378,0.462,0.376,88.4,
E07000070,Chelmsford,Muslim,181523,10545,170978,5.809,3666,2.02,2.144,214.4,168310,2012,1.286,0.858,82.2,
E07000071,Colchester,Muslim,192716,12037,180679,6.246,4021,2.086,2.225,222.5,173074,2762,1.721,0.504,45.6,
E07000072,Epping Forest,Muslim,134979,8120,126859,6.016,4699,3.481,3.704,370.4,124659,2377,2.061,1.643,97.7,
E07000073,Harlow,Muslim,93327,5081,88246,5.444,3737,4.004,4.235,423.5,81944,1745,2.28,1.955,114.2,
E07000074,Maldon,Muslim,66210,3586,62624,5.416,298,0.45,0.476,47.6,61629,171,0.299,0.177,74.3,
E07000075,Rochford,Muslim,85661,4730,80931,5.522,415,0.484,0.513,51.3,83287,296,0.383,0.13,40.2,
E07000076,Tendring,Muslim,148294,8758,139536,5.906,647,0.436,0.464,46.4,138048,400,0.314,0.15,61.7,
E07000077,Uttlesford,Muslim,91341,5288,86053,5.789,669,0.732,0.777,77.7,79443,429,0.583,0.194,55.9,
E07000078,Cheltenham,Muslim,118835,7536,111299,6.342,1744,1.468,1.567,156.7,115732,1087,1.017,0.55,60.4,
E07000079,Cotswold,Muslim,90835,5476,85359,6.029,236,0.26,0.276,27.6,82881,164,0.213,0.063,43.9,
E07000080,Forest of Dean,Muslim,87007,5593,81414,6.428,237,0.272,0.291,29.1,81961,94,0.125,0.166,152.1,
E07000081,Gloucester,Muslim,132415,7908,124507,5.972,6200,4.682,4.98,498.0,121688,3885,3.428,1.552,59.6,
E07000082,Stroud,Muslim,121104,7863,113241,6.493,409,0.338,0.361,36.1,112779,238,0.23,0.131,71.8,
E07000083,Tewkesbury,Muslim,94885,5666,89219,5.971,521,0.549,0.584,58.4,81943,273,0.359,0.225,90.8,
E07000084,Basingstoke and Deane,Muslim,185152,10323,174829,5.575,2802,1.513,1.603,160.3,167799,1464,0.94,0.663,91.4,
E07000085,East Hampshire,Muslim,125744,7660,118084,6.092,749,0.596,0.634,63.4,115608,421,0.394,0.24,77.9,
E07000086,Eastleigh,Muslim,136443,7660,128783,5.614,1406,1.03,1.092,109.2,125199,975,0.835,0.257,44.2,
E07000087,Fareham,Muslim,114512,6176,108336,5.393,714,0.624,0.659,65.9,111581,538,0.52,0.139,32.7,
E07000088,Gosport,Muslim,81952,4194,77758,5.118,454,0.554,0.584,58.4,82622,452,0.586,-0.002,0.4,
E07000089,Hart,Muslim,99408,5579,93829,5.612,807,0.812,0.86,86.0,91033,509,0.602,0.258,58.5,
E07000090,Havant,Muslim,124208,6854,117354,5.518,657,0.529,0.56,56.0,120684,570,0.508,0.052,15.3,
E07000091,New Forest,Muslim,175785,10741,165044,6.11,590,0.336,0.357,35.7,176462,485,0.298,0.059,21.6,
E07000092,Rushmoor,Muslim,99756,5324,94432,5.337,2462,2.468,2.607,260.7,93807,1356,1.554,1.053,81.6,
E07000093,Test Valley,Muslim,130492,7483,123009,5.734,1180,0.904,0.959,95.9,116398,671,0.62,0.339,75.9,
E07000094,Winchester,Muslim,127444,8023,119421,6.295,904,0.709,0.757,75.7,116595,558,0.517,0.24,62.0,
E07000095,Broxbourne,Muslim,99009,5803,93206,5.861,4249,4.292,4.559,455.9,93609,2287,2.626,1.933,85.8,
E07000096,Dacorum,Muslim,155082,9350,145732,6.029,4869,3.14,3.341,334.1,144847,3116,2.324,1.017,56.3,
E07000098,Hertsmere,Muslim,107826,6982,100844,6.475,4062,3.767,4.028,402.8,100031,2402,2.605,1.423,69.1,
E07000099,North Hertfordshire,Muslim,133210,8016,125194,6.018,2064,1.549,1.649,164.9,127114,1453,1.234,0.415,42.1,
E07000102,Three Rivers,Muslim,93771,5282,88489,5.633,3458,3.688,3.908,390.8,87317,1947,2.398,1.51,77.6,
E07000103,Watford,Muslim,102246,6311,95935,6.172,13262,12.971,13.824,1382.4,90301,8905,10.575,3.249,48.9,
E07000105,Ashford,Muslim,132747,7558,125189,5.694,2110,1.589,1.685,168.5,117956,1019,0.935,0.75,107.1,
E07000106,Canterbury,Muslim,157429,11062,146367,7.027,2875,1.826,1.964,196.4,151145,1838,1.32,0.644,56.4,
E07000107,Dartford,Muslim,116752,6205,110547,5.315,4100,3.512,3.709,370.9,97365,1566,1.721,1.988,161.8,
E07000108,Dover,Muslim,116410,6457,109953,5.547,734,0.631,0.668,66.8,111674,521,0.506,0.162,40.9,
E07000109,Gravesham,Muslim,106899,5517,101382,5.161,3326,3.111,3.281,328.1,101720,1894,1.987,1.294,75.6,
E07000110,Maidstone,Muslim,175781,9984,165797,5.68,3332,1.896,2.01,201.0,155143,1685,1.169,0.841,97.7,
E07000111,Sevenoaks,Muslim,120515,7102,113413,5.893,1088,0.903,0.959,95.9,114893,600,0.565,0.394,81.3,
E07000112,Folkestone and Hythe,Muslim,109756,6242,103514,5.687,1107,1.009,1.069,106.9,107969,796,0.798,0.271,39.1,
E07000113,Swale,Muslim,151677,7811,143866,5.15,1529,1.008,1.063,106.3,135835,792,0.625,0.438,93.1,
E07000114,Thanet,Muslim,140590,8115,132475,5.772,2129,1.514,1.607,160.7,134186,1230,0.99,0.617,73.1,
E07000115,Tonbridge and Malling,Muslim,132201,7369,124832,5.574,1381,1.045,1.106,110.6,120805,750,0.668,0.438,84.1,
E07000116,Tunbridge Wells,Muslim,115311,7207,108104,6.25,1904,1.651,1.761,176.1,115049,1241,1.172,0.589,53.4,
E07000117,Burnley,Muslim,94646,5119,89527,5.409,13255,14.005,14.806,1480.6,87059,8580,10.488,4.318,54.5,
E07000118,Chorley,Muslim,117732,5990,111742,5.088,1648,1.4,1.475,147.5,107155,1130,1.117,0.358,45.8,
E07000119,Fylde,Muslim,81373,4082,77291,5.016,576,0.708,0.745,74.5,75757,350,0.493,0.252,64.6,
E07000120,Hyndburn,Muslim,82236,4242,77994,5.158,12049,14.652,15.449,1544.9,80734,8336,10.945,4.504,44.5,
E07000121,Lancaster,Muslim,142934,9422,133512,6.592,2663,1.863,1.995,199.5,138375,1767,1.374,0.621,50.7,
E07000122,Pendle,Muslim,95759,5090,90669,5.315,24900,26.003,27.463,2746.3,89452,15579,18.571,8.892,59.8,
E07000123,Preston,Muslim,147835,8045,139790,5.442,23825,16.116,17.043,1704.3,140202,15769,11.93,5.113,51.1,
E07000124,Ribble Valley,Muslim,61561,3248,58313,5.276,796,1.293,1.365,136.5,57132,425,0.791,0.574,87.3,
E07000125,Rossendale,Muslim,70870,3655,67215,5.157,3476,4.905,5.171,517.1,67982,2613,4.104,1.067,33.0,
E07000126,South Ribble,Muslim,111035,5585,105450,5.03,1027,0.925,0.974,97.4,109057,592,0.576,0.398,73.5,
E07000127,West Lancashire,Muslim,117427,6609,110818,5.628,507,0.432,0.458,45.8,110685,276,0.264,0.194,83.7,
E07000128,Wyre,Muslim,111942,5732,106210,5.121,452,0.404,0.426,42.6,107749,305,0.303,0.123,48.2,
E07000129,Blaby,Muslim,102926,5488,97438,5.332,1421,1.381,1.458,145.8,93915,728,0.83,0.628,95.2,
E07000130,Charnwood,Muslim,183968,10971,172997,5.964,5703,3.1,3.297,329.7,166100,3925,2.523,0.774,45.3,
E07000131,Harborough,Muslim,97624,5281,92343,5.41,1120,1.147,1.213,121.3,85382,423,0.532,0.681,164.8,
E07000132,Hinckley and Bosworth,Muslim,113639,5987,107652,5.268,796,0.7,0.739,73.9,105078,517,0.526,0.213,54.0,
E07000133,Melton,Muslim,51754,2861,48893,5.528,130,0.251,0.266,26.6,50376,41,0.087,0.179,217.1,
E07000134,North West Leicestershire,Muslim,104706,5362,99344,5.121,419,0.4,0.422,42.2,93468,206,0.235,0.187,103.4,
E07000135,Oadby and Wigston,Muslim,57747,3128,54619,5.417,6480,11.221,11.864,1186.4,56170,3256,6.169,5.695,99.0,
E07000136,Boston,Muslim,70502,4573,65929,6.486,967,1.372,1.467,146.7,64637,434,0.722,0.745,122.8,
E07000137,East Lindsey,Muslim,142299,8602,133697,6.045,457,0.321,0.342,34.2,136401,366,0.29,0.052,24.9,
E07000138,Lincoln,Muslim,103813,7302,96511,7.034,1896,1.826,1.965,196.5,93541,902,1.038,0.927,110.2,
E07000139,North Kesteven,Muslim,118074,6594,111480,5.585,529,0.448,0.475,47.5,107766,250,0.25,0.225,111.6,
E07000140,South Holland,Muslim,95123,6228,88895,6.547,448,0.471,0.504,50.4,88270,258,0.315,0.189,73.6,
E07000141,South Kesteven,Muslim,143405,8165,135240,5.694,731,0.51,0.541,54.1,133788,358,0.288,0.253,104.2,
E07000142,West Lindsey,Muslim,95152,5430,89722,5.707,383,0.403,0.427,42.7,89250,212,0.255,0.172,80.7,
E07000143,Breckland,Muslim,141476,8877,132599,6.275,650,0.459,0.49,49.0,130491,409,0.338,0.152,58.9,
E07000144,Broadland,Muslim,131721,8139,123582,6.179,648,0.492,0.524,52.4,124646,377,0.327,0.197,71.9,
E07000145,Great Yarmouth,Muslim,99746,6120,93626,6.136,723,0.725,0.772,77.2,97277,518,0.574,0.198,39.6,
E07000146,King's Lynn and West Norfolk,Muslim,154328,9782,144546,6.338,804,0.521,0.556,55.6,147451,544,0.399,0.157,47.8,
E07000147,North Norfolk,Muslim,102979,6941,96038,6.74,173,0.168,0.18,18.0,101499,158,0.169,0.011,9.5,
E07000148,Norwich,Muslim,143922,9760,134162,6.781,4289,2.98,3.197,319.7,132512,2612,2.147,1.05,64.2,
E07000149,South Norfolk,Muslim,141950,8817,133133,6.211,859,0.605,0.645,64.5,124012,403,0.352,0.293,113.2,
E07000170,Ashfield,Muslim,126301,7367,118934,5.833,762,0.603,0.641,64.1,119497,375,0.337,0.304,103.2,
E07000171,Bassetlaw,Muslim,117804,6491,111313,5.51,734,0.623,0.659,65.9,112863,701,0.667,-0.008,4.7,
E07000172,Broxtowe,Muslim,110940,6396,104544,5.765,2545,2.294,2.434,243.4,109487,1636,1.611,0.823,55.6,
E07000173,Gedling,Muslim,117265,6471,110794,5.518,2478,2.113,2.237,223.7,113543,1535,1.455,0.782,61.4,
E07000174,Mansfield,Muslim,110483,6012,104471,5.442,1240,1.122,1.187,118.7,104466,563,0.578,0.609,120.2,
E07000175,Newark and Sherwood,Muslim,122956,7042,115914,5.727,749,0.609,0.646,64.6,114817,456,0.427,0.219,64.3,
E07000176,Rushcliffe,Muslim,119077,6724,112353,5.647,2677,2.248,2.383,238.3,111129,1697,1.644,0.739,57.7,
E07000177,Cherwell,Muslim,161018,9753,151265,6.057,5206,3.233,3.442,344.2,141868,3196,2.419,1.023,62.9,
E07000178,Oxford,Muslim,162038,16110,145928,9.942,14093,8.697,9.658,965.8,151906,10320,7.409,2.249,36.6,
E07000179,South Oxfordshire,Muslim,149085,8990,140095,6.03,1441,0.967,1.029,102.9,134257,710,0.572,0.457,103.0,
E07000180,Vale of White Horse,Muslim,138913,8442,130471,6.077,1982,1.427,1.519,151.9,120988,1073,0.958,0.561,84.7,
E07000181,West Oxfordshire,Muslim,114236,6721,107515,5.883,757,0.663,0.704,70.4,104779,435,0.447,0.257,74.0,
E07000192,Cannock Chase,Muslim,100519,4935,95584,4.91,346,0.344,0.362,36.2,97462,219,0.239,0.123,58.0,
E07000193,East Staffordshire,Muslim,124020,6986,117034,5.633,10778,8.691,9.209,920.9,113583,6815,6.424,2.785,58.2,
E07000194,Lichfield,Muslim,106436,5336,101100,5.013,722,0.678,0.714,71.4,100654,448,0.475,0.239,61.2,
E07000195,Newcastle-under-Lyme,Muslim,123302,7116,116186,5.771,2223,1.803,1.913,191.3,123871,1393,1.206,0.707,59.6,
E07000196,South Staffordshire,Muslim,110472,5358,105114,4.85,863,0.781,0.821,82.1,108131,364,0.359,0.462,137.1,
E07000197,Stafford,Muslim,136868,7359,129509,5.377,1488,1.087,1.149,114.9,130869,1151,0.942,0.207,29.3,
E07000198,Staffordshire Moorlands,Muslim,95845,5491,90354,5.729,263,0.274,0.291,29.1,97106,192,0.212,0.079,37.0,
E07000199,Tamworth,Muslim,78648,3894,74754,4.951,354,0.45,0.474,47.4,76813,235,0.326,0.148,50.6,
E07000200,Babergh,Muslim,92341,5553,86788,6.014,433,0.469,0.499,49.9,87740,196,0.241,0.258,120.9,
E07000202,Ipswich,Muslim,139642,8722,130920,6.246,5433,3.891,4.15,415.0,133384,3577,2.891,1.259,51.9,
E07000203,Mid Suffolk,Muslim,102699,6023,96676,5.865,254,0.247,0.263,26.3,96731,152,0.17,0.093,67.1,
E07000207,Elmbridge,Muslim,138753,8899,129854,6.414,3531,2.545,2.719,271.9,130875,2406,1.988,0.731,46.8,
E07000208,Epsom and Ewell,Muslim,80938,4948,75990,6.113,3926,4.851,5.166,516.6,75102,2277,3.263,1.903,72.4,
E07000209,Guildford,Muslim,143649,10004,133645,6.964,3105,2.162,2.323,232.3,137183,2713,2.143,0.18,14.4,
E07000210,Mole Valley,Muslim,87387,5475,81912,6.265,1046,1.197,1.277,127.7,85375,669,0.851,0.426,56.4,
E07000211,Reigate and Banstead,Muslim,150846,9108,141738,6.038,4642,3.077,3.275,327.5,137835,2637,2.065,1.21,76.0,
E07000212,Runnymede,Muslim,88079,6062,82017,6.882,2519,2.86,3.071,307.1,80510,1556,2.083,0.988,61.9,
E07000213,Spelthorne,Muslim,102955,5884,97071,5.715,4146,4.027,4.271,427.1,95598,1808,2.034,2.237,129.3,
E07000214,Surrey Heath,Muslim,90457,5153,85304,5.697,2829,3.127,3.316,331.6,86144,1607,2.01,1.306,76.0,
E07000215,Tandridge,Muslim,87872,5630,82242,6.407,1159,1.319,1.409,140.9,82998,596,0.776,0.633,94.5,
E07000216,Waverley,Muslim,128229,8130,120099,6.34,1505,1.174,1.253,125.3,121572,786,0.7,0.553,91.5,
E07000217,Woking,Muslim,103943,6034,97909,5.805,9730,9.361,9.938,993.8,99198,7323,7.966,1.972,32.9,
E07000218,North Warwickshire,Muslim,65039,3269,61770,5.026,259,0.398,0.419,41.9,62014,110,0.19,0.229,135.5,
E07000219,Nuneaton and Bedworth,Muslim,134196,7068,127128,5.267,3979,2.965,3.13,313.0,125252,2895,2.46,0.67,37.4,
E07000220,Rugby,Muslim,114363,6778,107585,5.927,2109,1.844,1.96,196.0,100075,1236,1.326,0.634,70.6,
E07000221,Stratford-on-Avon,Muslim,134724,7469,127255,5.544,646,0.479,0.508,50.8,120485,280,0.25,0.258,130.7,
E07000222,Warwick,Muslim,148453,8961,139492,6.036,2243,1.511,1.608,160.8,137648,1299,1.017,0.591,72.7,
E07000223,Adur,Muslim,64541,3820,60721,5.919,840,1.301,1.383,138.3,61182,611,1.08,0.303,37.5,
E07000224,Arun,Muslim,164889,9953,154936,6.036,1157,0.702,0.747,74.7,149518,806,0.584,0.163,43.5,
E07000225,Chichester,Muslim,124068,7640,116428,6.158,685,0.552,0.588,58.8,113794,419,0.399,0.189,63.5,
E07000226,Crawley,Muslim,118493,6720,111773,5.671,11521,9.723,10.307,1030.7,106597,7681,7.697,2.61,50.0,
E07000227,Horsham,Muslim,146778,8990,137788,6.125,1270,0.865,0.922,92.2,131301,673,0.556,0.366,88.7,
E07000228,Mid Sussex,Muslim,152569,9666,142903,6.335,1841,1.207,1.288,128.8,139860,1130,0.878,0.41,62.9,
E07000229,Worthing,Muslim,111336,7013,104323,6.299,1912,1.717,1.833,183.3,104640,1348,1.406,0.427,41.8,
E07000234,Bromsgrove,Muslim,99183,5518,93665,5.563,859,0.866,0.917,91.7,93637,502,0.576,0.341,71.1,
E07000235,Malvern Hills,Muslim,79486,4955,74531,6.234,386,0.486,0.518,51.8,74631,197,0.285,0.233,95.9,
E07000236,Redditch,Muslim,87036,4786,82250,5.499,3628,4.168,4.411,441.1,84214,2870,3.636,0.775,26.4,
E07000237,Worcester,Muslim,103871,6335,97536,6.099,4227,4.069,4.334,433.4,98768,2847,3.086,1.248,48.5,
E07000238,Wychavon,Muslim,132491,7378,125113,5.569,724,0.546,0.579,57.9,116944,369,0.339,0.24,96.2,
E07000239,Wyre Forest,Muslim,101607,5985,95622,5.89,1056,1.039,1.104,110.4,97975,681,0.745,0.359,55.1,
E07000240,St Albans,Muslim,148166,9029,139137,6.094,6915,4.667,4.97,497.0,140664,5167,3.968,1.002,33.8,
E07000241,Welwyn Hatfield,Muslim,119836,8011,111825,6.685,3923,3.274,3.508,350.8,110535,2810,2.737,0.771,39.6,
E07000242,East Hertfordshire,Muslim,150158,8951,141207,5.961,1756,1.169,1.244,124.4,137687,989,0.775,0.469,77.6,
E07000243,Stevenage,Muslim,89495,5015,84480,5.604,2822,3.153,3.34,334.0,83957,1654,2.112,1.228,70.6,
E07000244,East Suffolk,Muslim,246058,15076,230982,6.127,1293,0.525,0.56,56.0,239552,927,0.418,0.142,39.5,
E07000245,West Suffolk,Muslim,179945,11554,168391,6.421,1866,1.037,1.108,110.8,170756,966,0.611,0.497,93.2,
E08000001,Bolton,Muslim,295963,13758,282205,4.649,58997,19.934,20.906,2090.6,276786,32385,12.402,8.504,82.2,
E08000002,Bury,Muslim,193851,9591,184260,4.948,19243,9.927,10.443,1044.3,185060,11279,6.483,3.96,70.6,
E08000003,Manchester,Muslim,551938,32713,519225,5.927,122962,22.278,23.682,2368.2,503127,79496,16.974,6.708,54.7,
E08000004,Oldham,Muslim,242088,11273,230815,4.657,59031,24.384,25.575,2557.5,224897,39879,18.775,6.8,48.0,
E08000005,Rochdale,Muslim,223772,10366,213406,4.632,42121,18.823,19.737,1973.7,211699,29426,14.758,4.979,43.1,
E08000006,Salford,Muslim,269923,16152,253771,5.984,13542,5.017,5.336,533.6,233933,6030,2.747,2.589,124.6,
E08000007,Stockport,Muslim,294773,15445,279328,5.24,16332,5.541,5.847,584.7,283275,9431,3.562,2.285,73.2,
E08000008,Tameside,Muslim,231071,10846,220225,4.694,16945,7.333,7.694,769.4,219324,9705,4.705,2.989,74.6,
E08000009,Trafford,Muslim,235055,12007,223048,5.108,20549,8.742,9.213,921.3,226578,12994,6.121,3.092,58.1,
E08000010,Wigan,Muslim,329330,15390,313940,4.673,4155,1.262,1.324,132.4,317849,2162,0.72,0.604,92.2,
E08000011,Knowsley,Muslim,154519,7469,147050,4.834,968,0.626,0.658,65.8,145893,435,0.316,0.342,122.5,
E08000012,Liverpool,Muslim,486088,28639,457449,5.892,25756,5.299,5.63,563.0,466415,15209,3.477,2.153,69.3,
E08000013,St. Helens,Muslim,183246,8655,174591,4.723,1340,0.731,0.768,76.8,175308,605,0.365,0.403,121.5,
E08000014,Sefton,Muslim,279233,14012,265221,5.018,2257,0.808,0.851,85.1,273790,1189,0.463,0.388,89.8,
E08000015,Wirral,Muslim,320201,17092,303109,5.338,3257,1.017,1.075,107.5,319783,1809,0.607,0.468,80.0,
E08000016,Barnsley,Muslim,244571,12728,231843,5.204,1404,0.574,0.606,60.6,231221,945,0.437,0.169,48.6,
E08000017,Doncaster,Muslim,308106,16470,291636,5.346,6898,2.239,2.365,236.5,302402,4990,1.772,0.593,38.2,
E08000018,Rotherham,Muslim,265807,13692,252115,5.151,13465,5.066,5.341,534.1,257280,9614,4.002,1.339,40.1,
E08000019,Sheffield,Muslim,556521,33600,522921,6.038,57044,10.25,10.909,1090.9,552698,42801,8.309,2.6,33.3,
E08000021,Newcastle upon Tyne,Muslim,300126,17869,282257,5.954,26896,8.962,9.529,952.9,280177,17561,6.689,2.84,53.2,
E08000022,North Tyneside,Muslim,208966,9954,199012,4.763,2517,1.205,1.265,126.5,200801,1493,0.794,0.471,68.6,
E08000023,South Tyneside,Muslim,147776,6672,141104,4.515,3736,2.528,2.648,264.8,148127,2854,2.046,0.602,30.9,
E08000024,Sunderland,Muslim,274172,12272,261900,4.476,4846,1.768,1.85,185.0,275506,3650,1.403,0.447,32.8,
E08000025,Birmingham,Muslim,1144917,69856,1075061,6.101,341811,29.855,31.795,3179.5,1073045,234411,23.372,8.423,45.8,
E08000026,Coventry,Muslim,345326,21166,324160,6.129,35800,10.367,11.044,1104.4,316960,23665,7.978,3.066,51.3,
E08000027,Dudley,Muslim,323488,17792,305696,5.5,19978,6.176,6.535,653.5,312925,12902,4.397,2.138,54.8,
E08000028,Sandwell,Muslim,341835,18465,323370,5.402,45763,13.387,14.152,1415.2,308063,25251,8.727,5.425,81.2,
E08000029,Solihull,Muslim,216241,11173,205068,5.167,11532,5.333,5.624,562.4,206674,5247,2.711,2.913,119.8,
E08000030,Walsall,Muslim,284124,14768,269356,5.198,32107,11.3,11.92,1192.0,269323,22146,8.748,3.172,45.0,
E08000031,Wolverhampton,Muslim,263729,14465,249264,5.485,14489,5.494,5.813,581.3,249470,9062,3.882,1.931,59.9,
E08000032,Bradford,Muslim,546411,29816,516595,5.457,166846,30.535,32.297,3229.7,522452,129041,26.34,5.957,29.3,
E08000033,Calderdale,Muslim,206631,11129,195502,5.386,19650,9.51,10.051,1005.1,203826,14802,7.824,2.227,32.8,
E08000034,Kirklees,Muslim,433216,23949,409267,5.528,80046,18.477,19.558,1955.8,422458,61280,15.511,4.047,30.6,
E08000035,Leeds,Muslim,811953,47315,764638,5.827,63054,7.766,8.246,824.6,751485,40772,5.818,2.428,54.7,
E08000036,Wakefield,Muslim,353371,18972,334399,5.369,11279,3.192,3.373,337.3,325837,6475,2.122,1.251,74.2,
E08000037,Gateshead,Muslim,196153,8804,187349,4.488,4126,2.103,2.202,220.2,200214,2096,1.111,1.091,96.9,
E09000001,City of London,Muslim,8582,767,7815,8.937,540,6.292,6.91,691.0,7375,409,6.083,0.827,32.0,small population
E09000002,Barking and Dagenham,Muslim,218867,11991,206876,5.479,53389,24.393,25.807,2580.7,185911,25520,14.671,11.136,109.2,
E09000003,Barnet,Muslim,389344,31056,358288,7.976,47688,12.248,13.31,1331.0,356386,36744,11.255,2.055,29.8,
E09000004,Bexley,Muslim,246472,13986,232486,5.674,9721,3.944,4.181,418.1,231997,5645,2.616,1.565,72.2,
E09000005,Brent,Muslim,339817,23506,316311,6.917,72574,21.357,22.944,2294.4,311215,58036,20.029,2.915,25.0,
E09000006,Bromley,Muslim,329991,21238,308753,6.436,10876,3.296,3.523,352.3,309392,7841,2.749,0.774,38.7,
E09000007,Camden,Muslim,210138,18743,191395,8.919,33830,16.099,17.675,1767.5,220338,26643,15.219,2.456,27.0,
E09000008,Croydon,Muslim,390719,27035,363684,6.919,40717,10.421,11.196,1119.6,363378,29513,8.794,2.402,38.0,
E09000009,Ealing,Muslim,367114,24533,342581,6.683,68907,18.77,20.114,2011.4,338449,53198,16.881,3.233,29.5,
E09000010,Enfield,Muslim,329984,23041,306943,6.982,61477,18.63,20.029,2002.9,312466,52141,18.087,1.942,17.9,
E09000011,Greenwich,Muslim,289066,18716,270350,6.475,24715,8.55,9.142,914.2,254557,17349,7.373,1.769,42.5,
E09000012,Hackney,Muslim,259145,22442,236703,8.66,34578,13.343,14.608,1460.8,246270,34727,15.599,-0.991,-0.4,
E09000013,Hammersmith and Fulham,Muslim,183157,15298,167859,8.352,21290,11.624,12.683,1268.3,182493,18242,10.913,1.77,16.7,
E09000014,Haringey,Muslim,264238,21027,243211,7.958,33295,12.6,13.69,1369.0,254926,36130,15.566,-1.876,-7.8,
E09000015,Harrow,Muslim,261203,15404,245799,5.897,41503,15.889,16.885,1688.5,239056,29881,13.323,3.562,38.9,
E09000016,Havering,Muslim,262052,14512,247540,5.538,16135,6.157,6.518,651.8,237232,4829,2.181,4.337,234.1,
E09000017,Hillingdon,Muslim,305909,17129,288780,5.599,44077,14.409,15.263,1526.3,273936,29065,11.334,3.929,51.6,
E09000018,Hounslow,Muslim,288182,17469,270713,6.062,48028,16.666,17.741,1774.1,253957,35666,15.018,2.723,34.7,
E09000019,Islington,Muslim,216592,16902,199690,7.804,25840,11.93,12.94,1294.0,206125,19521,11.35,1.59,32.4,
E09000020,Kensington and Chelsea,Muslim,143375,14311,129064,9.982,16865,11.763,13.067,1306.7,158649,15812,11.082,1.985,6.7,
E09000021,Kingston upon Thames,Muslim,168065,11966,156099,7.12,13366,7.953,8.563,856.3,160060,9474,6.426,2.137,41.1,
E09000022,Lambeth,Muslim,317656,24110,293546,7.59,25871,8.144,8.813,881.3,303086,21500,7.773,1.04,20.3,
E09000023,Lewisham,Muslim,300553,22660,277893,7.539,22264,7.408,8.012,801.2,275885,17759,7.065,0.947,25.4,
E09000024,Merton,Muslim,215187,14888,200299,6.919,21673,10.072,10.82,1082.0,199693,16262,8.758,2.062,33.3,
E09000025,Newham,Muslim,351036,22933,328103,6.533,122146,34.796,37.228,3722.8,307984,98456,34.161,3.067,24.1,
E09000026,Redbridge,Muslim,310260,17675,292585,5.697,97068,31.286,33.176,3317.6,278970,64999,24.911,8.265,49.3,
E09000027,Richmond upon Thames,Muslim,195278,13855,181423,7.095,8492,4.349,4.681,468.1,186990,6128,3.58,1.101,38.6,
E09000028,Southwark,Muslim,307637,22338,285299,7.261,29633,9.632,10.387,1038.7,288283,24551,9.311,1.076,20.7,
E09000029,Sutton,Muslim,209640,12589,197051,6.005,14736,7.029,7.478,747.8,190146,7726,4.374,3.104,90.7,
E09000030,Tower Hamlets,Muslim,310306,21318,288988,6.87,123912,39.932,42.878,4287.8,254096,87696,40.788,2.09,41.3,
E09000031,Waltham Forest,Muslim,278426,19548,258878,7.021,60157,21.606,23.238,2323.8,258249,56541,23.627,-0.389,6.4,
E09000032,Wandsworth,Muslim,327506,23500,304006,7.175,32519,9.929,10.697,1069.7,306995,24746,8.748,1.949,31.4,
E09000033,Westminster,Muslim,204235,19179,185056,9.391,40873,20.013,22.087,2208.7,219396,40073,20.15,1.937,2.0,
W06000001,Isle of Anglesey,Muslim,68879,4446,64433,6.455,328,0.476,0.509,50.9,69751,250,0.391,0.118,31.2,
W06000002,Gwynedd,Muslim,117395,8512,108883,7.251,1137,0.969,1.044,104.4,121874,1378,1.237,-0.193,-17.5,
W06000003,Conwy,Muslim,114741,7324,107417,6.383,842,0.734,0.784,78.4,115228,583,0.549,0.235,44.4,
W06000004,Denbighshire,Muslim,95817,6456,89361,6.738,740,0.772,0.828,82.8,93734,469,0.542,0.286,57.8,
W06000005,Flintshire,Muslim,154961,10102,144859,6.519,739,0.477,0.51,51.0,152506,482,0.341,0.169,53.3,
W06000006,Wrexham,Muslim,135117,8841,126276,6.543,1540,1.14,1.22,122.0,134844,860,0.69,0.53,79.1,
W06000008,Ceredigion,Muslim,71476,5480,65996,7.667,515,0.721,0.78,78.0,75922,521,0.753,0.027,-1.2,
W06000009,Pembrokeshire,Muslim,123363,8145,115218,6.602,587,0.476,0.509,50.9,122439,425,0.378,0.131,38.1,
W06000010,Carmarthenshire,Muslim,187899,11703,176196,6.228,1026,0.546,0.582,58.2,183777,625,0.37,0.212,64.2,
W06000011,Swansea,Muslim,238490,15985,222505,6.703,7694,3.226,3.458,345.8,239023,5415,2.448,1.01,42.1,
W06000012,Neath Port Talbot,Muslim,142289,8716,133573,6.126,1062,0.746,0.795,79.5,139812,573,0.442,0.353,85.3,
W06000013,Bridgend,Muslim,145488,8209,137279,5.642,797,0.548,0.581,58.1,139178,529,0.409,0.172,50.7,
W06000014,Vale of Glamorgan,Muslim,131943,7546,124397,5.719,1205,0.913,0.969,96.9,126336,785,0.671,0.298,53.5,
W06000015,Cardiff,Muslim,362311,22888,339423,6.317,33650,9.288,9.914,991.4,346090,23656,7.362,2.552,42.2,
W06000016,Rhondda Cynon Taf,Muslim,237652,13826,223826,5.818,1378,0.58,0.616,61.6,234410,1061,0.489,0.127,29.9,
W06000018,Caerphilly,Muslim,175953,9966,165987,5.664,594,0.338,0.358,35.8,178806,391,0.236,0.122,51.9,
W06000019,Blaenau Gwent,Muslim,66904,3897,63007,5.825,287,0.429,0.456,45.6,69814,179,0.279,0.177,60.3,
W06000020,Torfaen,Muslim,92272,5631,86641,6.103,363,0.393,0.419,41.9,91075,238,0.283,0.136,52.5,
W06000021,Monmouthshire,Muslim,92959,5720,87239,6.153,435,0.468,0.499,49.9,91323,239,0.284,0.215,82.0,
W06000022,Newport,Muslim,159592,8977,150615,5.625,11280,7.068,7.489,748.9,145736,6859,5.088,2.401,64.5,
W06000023,Powys,Muslim,133169,9612,123557,7.218,462,0.347,0.374,37.4,132976,235,0.194,0.18,96.6,
W06000024,Merthyr Tydfil,Muslim,58839,3061,55778,5.202,289,0.491,0.518,51.8,58802,197,0.36,0.158,46.7,
